;Brent;M2;USD_RUR;Construction_real_index;Construction_nominal_value;IPC;ICP_prom;Index_prom_O2;Index_dobycha_O2;Index_obrab_O2;Index_energy_O2;Index_water_O2;Index_prom_O1;Index_dobycha_O1;Index_obrab_O1;Index_energy_water_O1;Index_roznica;Roznica_current;Pay_service_to_prev_y;Pay_service_to_prev_period;Opt_current;Budget_in;Tax_pi;Tax_ndfl;Tax_nds;Tax_ndpi;Insurance;Budget_out;Out_general;Out_defense;Out_economy;Out_educ;Out_soc;Budget_in_r;Tax_pi_r;Tax_ndfl_r;Tax_nds_r;Tax_ndpi_r;Insurance_r;Budget_out_r;Out_general_r;Out_defense_r;Out_economy_r;Out_educ_r;Out_soc_r;INDEXDefl
2003m9;28.34;2744;30.61;289.04;109.2;100.3;101.4;;;;;;113;120.41;129.26;54.84;140.5;388;;;;3.39958E+11;37352828000;38139340000;78953932000;32995235000;;3.40658E+11;14173898000;27146326000;30972093000;33733550000;27687845000;7.1438E+11;78492417780;80145176937;1.65912E+11;69335466926;;7.15851E+11;29784720005;57044697167;65084080469;70886945958;58182633379;47.58781683
2003m10;27.94;2753.5;29.86;267.94;102.4;101;100.8;;;;;;119.4;121.01;133.4;75.58;145.3;405.5;;;;3.8004E+11;64512694000;38807993000;74312957000;28433251000;;3.16074E+11;15990629000;29909754000;26741317000;39931904000;25644226000;7.96219E+11;1.3516E+11;81306350710;1.55693E+11;59570302376;;6.62203E+11;33501853331;62663713333;56025543461;83661048670;53727035893;47.73058028
2003m11;28.76;2835.2;29.74;255.61;98.9;101;100.2;;;;;;116.1;115.93;125;89.93;146.2;411.8;;;;3.47969E+11;29854230000;38702196000;78597052000;32182578000;;3.29945E+11;14349750000;29084984000;25588430000;43696802000;28497597000;7.21809E+11;61928104351;80281877392;1.63038E+11;66757911648;;6.8442E+11;29766395429;60332419366;53079344643;90642435396;59113973489;48.20788608
2003m12;30.48;3205.2;29.45;297.53;116;101.1;100.5;;;;;;128;119.06;141.62;100.46;168.7;479.7;;;;4.12176E+11;53374484000;61672484000;78697663000;30661928000;;5.81059E+11;30650043000;53764851000;73757257000;73836687000;41536014000;8.46532E+11;1.09621E+11;1.26664E+11;1.6163E+11;62973814079;;1.19338E+12;62949404532;1.10423E+11;1.51483E+11;1.51647E+11;85307134738;48.68996495
2004m1;29.51;3203.3;28.49;159.48;62.3;101.8;104;;;;;;112.9;118.1;112.45;104.78;137.3;396.5;105.8;89.3;827.5;3.19103E+11;29923594000;33843028000;84542853000;31508849000;;1.93132E+11;9286524000;18431951000;0;26160389000;21536423000;6.48246E+11;60788739238;68750932930;1.71746E+11;64009129570;;3.92341E+11;18865250139;37443866635;0;53143919320;43750493402;49.22555456
2004m2;33.01;3323.5;28.52;177.34;70.3;101;103.4;;;;;;114.7;111.02;122.12;97.34;136.5;397.4;107.1;100.2;821.6;3.05541E+11;20062639000;39005655000;61898803000;37535793000;;3.11394E+11;12893071000;30309846000;20406780000;40235635000;25861175000;6.09721E+11;40035906213;77837553941;1.23522E+11;74904377644;;6.21401E+11;25728708041;60484672619;40722655190;80292034826;51607147836;50.11161454
2004m3;32.36;3409.7;28.49;214.76;85.3;100.8;101.3;;;;;;123.4;119.34;135.79;92.47;148;433.6;109;106.5;911.1;4.20418E+11;90865931000;43895080000;69787967000;33827829000;;3.85102E+11;17828272000;40597840000;23104131000;49449772000;29558046000;8.30656E+11;1.79532E+11;86727349826;1.37886E+11;66836601267;;7.6088E+11;35224876741;80212704291;45648852939;97702240777;58400417441;50.61273069
2004m4;35.12;3474.2;28.88;221.2;88.7;101;102.1;;;;;;119.1;116.72;134.71;76.57;147.5;435.6;107.8;99.8;896.3;5.12426E+11;1.17707E+11;46699782000;85012434000;40276969000;;4.00911E+11;21086494000;48131166000;25275296000;54407153000;38463513000;1.00441E+12;2.30719E+11;91536552524;1.66633E+11;78947154151;;7.85828E+11;41331776786;94342217798;49542275376;1.06644E+11;75392587014;51.01763253
2004m5;36.98;3514.9;28.99;246.42;100.4;100.7;102.1;;;;;;114.6;121.5;130.8;57.12;146.5;435.7;107;99.5;867.7;4.06824E+11;53266983000;40411754000;88837197000;38075256000;;3.1537E+11;13694458000;26002885000;22575122000;43434220000;23882033000;7.89523E+11;1.03375E+11;78427076360;1.72406E+11;73892635537;;6.12038E+11;26576829684;50463789507;43811531094;84292775032;46347852799;51.52780886
2004m6;33.51;3670.9;29.03;285.35;117.9;100.8;102.8;;;;;;118.2;123.08;139.83;48.49;146.8;440.5;108;104.5;896.7;4.60102E+11;71049070000;48737379000;83748806000;46627872000;;4.06441E+11;19314432000;29157922000;30370814000;74692642000;32651490000;8.86713E+11;1.36926E+11;93927123916;1.61401E+11;89861662674;;7.83297E+11;37222950537;56193414768;58530911357;1.43948E+11;62926251067;51.88850352
2004m7;41.6;3626.8;29.1;285.92;120.4;100.9;101.2;;;;;;119.3;129.11;138.99;47.96;152.1;459.8;109.3;103.7;914.1;5.05259E+11;91065859000;58538884000;1.05245E+11;41988281000;;3.77494E+11;19467390000;37041765000;29885229000;43391916000;32101016000;9.66011E+11;1.7411E+11;1.11921E+11;2.01219E+11;80277976524;;7.21736E+11;37219972816;70820664010;57137983621;82961605739;61374377504;52.30361155
2004m8;39.33;3649.8;29.24;303.07;130;100.4;101.8;;;;;;121.8;128.21;143.44;49.78;156.6;475.4;112;100.2;958.9;4.50896E+11;68122545000;45103748000;89900395000;40698448000;;3.76575E+11;16069409000;28888074000;30265032000;30282222000;32523864000;8.54384E+11;1.29083E+11;85465293430;1.70349E+11;77117866135;;7.13557E+11;30449282295;54738859419;57348002222;57380574868;61628172901;52.77434405
2004m9;47.08;3717.5;29.22;306.11;133.7;100.4;103.1;;;;;;120.9;125.77;141.14;55.31;158.4;483.9;111.1;100.7;1000.7;4.75025E+11;68561142000;45842288000;98995374000;54964931000;;3.78917E+11;17058421000;32510724000;32819806000;41426530000;34394067000;8.9652E+11;1.29396E+11;86518648829;1.86835E+11;1.03736E+11;;7.15134E+11;32194543520;61357843067;61941176887;78184740719;64912296798;52.98544143
2004m10;48.78;3787.8;28.77;277.03;124.8;101.1;101.8;;;;;;124.8;127.41;139.45;77.65;164.7;508.6;107.8;97.2;1078.9;4.90337E+11;78976623000;45990848000;96817347000;47271608000;;3.67984E+11;16411970000;36215667000;33559066000;45863484000;32051793000;9.21731E+11;1.4846E+11;86453214873;1.81996E+11;88860776906;;6.91733E+11;30851085175;68077910651;63084054111;86213797082;60250694819;53.19738319
2004m11;44.03;3928.5;28.24;278.41;127.6;101.1;102;;;;;;126.7;121.29;141.68;90;167;521.2;108.1;100.3;1089.8;5.12226E+11;93882250000;48395581000;1.00225E+11;50740421000;;4.06479E+11;20002528000;36867269000;42905820000;51756576000;38740393000;9.52402E+11;1.74559E+11;89983790341;1.86352E+11;94343642761;;7.55782E+11;37191480062;68548750435;79776463708;96233019365;72031522908;53.78255441
2004m12;40.24;4353.9;27.75;329.64;152.1;101.1;100.1;;;;;;136.7;125.05;153.15;104.94;193;609.5;107.6;106.3;1170.6;5.7173E+11;84112774000;78075452000;1.04681E+11;46562555000;;7.49855E+11;39878779000;65843567000;1.07174E+11;92305175000;62293009000;1.05147E+12;1.54693E+11;1.43589E+11;1.9252E+11;85633603999;;1.37907E+12;73341412834;1.21093E+11;1.97104E+11;1.69759E+11;1.14564E+11;54.37416251
2005m1;45.87;4179.9;28.08;169.1;78.9;102.6;100.5;;;;;;116.5;121.93;116.86;102.84;151.5;485.6;101.3;82.8;999.2;6.31463E+11;1.16866E+11;29085392000;2.20301E+11;48309235000;17896728000;2.8794E+11;26189191000;18661926000;12285812000;22618754000;22668486000;1.14869E+12;2.12591E+11;52909198785;4.0075E+11;87879266601;32555914644;5.23792E+11;47640723310;33947885332;22349104641;41145746004;41236213420;54.9722783
2005m2;50.14;4300.6;27.77;185.68;87.7;101.2;101.3;;;;;;121.8;111.93;133.76;99.24;151.4;488.7;102.9;102.3;1033.8;4.58908E+11;82727918000;50637888000;68124332000;36618613000;21510579000;3.43121E+11;62001900000;45071979000;39685575000;51379754000;30986686000;8.13644E+11;1.46677E+11;89781009987;1.20784E+11;64924825843;38138271249;6.08354E+11;1.09929E+11;79912649531;70362551562;91096338911;54939415428;56.40155753
2005m3;53.05;4462.7;27.83;224.85;106.6;101.3;102.5;;;;;;129.8;123.04;143.48;97.85;164.4;536.2;104.9;108.5;1168;6.25899E+11;1.57597E+11;54925514000;63279898000;83284672000;21587000000;4.29807E+11;65394887000;53605276000;55626930000;65403155000;43150122000;1.09656E+12;2.76107E+11;96228234991;1.10865E+11;1.45913E+11;37819926615;7.53012E+11;1.1457E+11;93915208435;97457099662;1.14585E+11;75598019524;57.07837622
2005m4;49.33;4577.5;27.77;234.52;112.1;101.1;102.5;;;;;;124.9;117.77;145.26;75.74;167.7;553.1;107.5;102.8;1152.5;6.23673E+11;1.24127E+11;55584488000;80788218000;74045801000;22050397000;4.92844E+11;53097800000;47561807000;59828127000;63747641000;47163566000;1.07864E+12;2.14677E+11;96133013086;1.39723E+11;1.28062E+11;38136019232;8.52371E+11;91832302247;82257838099;1.03472E+11;1.10251E+11;81569082861;57.82039511
2005m5;49.83;4677.7;28.09;259.38;126;100.8;102.7;;;;;;118.2;123.43;136.78;56.95;167.9;559.4;110.6;102.1;1096.2;5.67441E+11;99727291000;53457466000;78140228000;70024936000;21191461000;4.34126E+11;42011717000;44481924000;44838184000;61166263000;38454848000;9.70708E+11;1.70601E+11;91448409764;1.33673E+11;1.1979E+11;36251725980;7.42649E+11;71868440436;76094164528;76703609997;1.04636E+11;65783789626;58.45641946
2005m6;54.85;4915.4;28.67;306.33;151.1;100.6;100.1;;;;;;125.6;123.78;153.85;48.07;167;561.6;109.6;103.5;1149.2;6.06391E+11;96766118000;60799894000;76280678000;69229279000;23579304000;4.55206E+11;69338682000;35531970000;58780361000;96855058000;37410431000;1.02911E+12;1.64222E+11;1.03183E+11;1.29456E+11;1.17489E+11;40016420580;7.72529E+11;1.17675E+11;60301281817;99756110173;1.64373E+11;63489216687;58.92407081
2005m7;59.7;4974.3;28.63;322.87;161.4;100.5;100.5;;;;;;125.3;130.22;149.26;49.22;171.9;580.6;108.1;102.2;1172.5;6.32879E+11;92806036000;68769650000;77406207000;78328551000;22752308000;4.95286E+11;53344018000;51036376000;59202001000;58465344000;42599373000;1.06765E+12;1.56562E+11;1.16013E+11;1.30583E+11;1.32138E+11;38382630455;8.35537E+11;89990155280;86097215271;99872440483;98629716738;71864181492;59.27761524
2005m8;66.68;5118.2;28.55;338.05;172.4;99.9;102;;;;;;127.8;128.22;154.47;51.24;177.5;600.6;108.5;100.5;1293.4;6.54659E+11;1.17018E+11;57068729000;72653623000;88881170000;21461238000;5.06892E+11;88127181000;41770316000;62260106000;44816678000;41116708000;1.0989E+12;1.96425E+11;95794685305;1.21955E+11;1.49195E+11;36024501973;8.50861E+11;1.47929E+11;70115006001;1.04509E+11;75228582109;69017869728;59.57400332
2005m9;62.56;5274.9;28.5;338.05;174.9;100.3;102.8;;;;;;128.7;127.06;154.82;55.55;180.6;614.9;106.5;98.9;1305.4;6.22794E+11;84240311000;57672569000;78798831000;93490240000;21395093000;6.52937E+11;71799502000;35223134000;68989416000;57679549000;38966190000;1.04646E+12;1.41546E+11;96905186971;1.32403E+11;1.57088E+11;35949421421;1.09711E+12;1.20642E+11;59184191812;1.1592E+11;96916915220;65473517011;59.51442931
2005m10;58.35;5296.5;28.42;314.72;165.4;100.6;100.9;;;;;;132.1;128.71;152.39;76.82;186.3;638.6;108.2;98.9;1401;7.1563E+11;-9.71876E+11;-4.88002E+11;78624113000;-6.42212E+11;-1.93424E+11;3.70432E+11;-5.31305E+11;-3.72945E+11;-4.61497E+11;-5.22132E+11;-3.42516E+11;1.19885E+12;-1.62813E+12;-8.17519E+11;1.31714E+11;-1.07586E+12;-3.24032E+11;6.20562E+11;-8.90063E+11;-6.24772E+11;-7.73117E+11;-8.74696E+11;-5.73797E+11;59.6929726
2005m11;53.41;5417.1;28.73;323.53;171.6;100.7;99.1;;;;;;134.9;123.46;155.25;90.49;187.8;648;110.5;102.4;1444.9;6.92834E+11;1.22759E+12;6.07356E+11;63251732687;8.24507E+11;2.36183E+11;4.63184E+11;6.03833E+11;4.5999E+11;5.92862E+11;6.55699E+11;4.29216E+11;1.15374E+12;2.04424E+12;1.0114E+12;1.0533E+11;1.37301E+12;3.93303E+11;7.71315E+11;1.00553E+12;7.65997E+11;9.87263E+11;1.0919E+12;7.14751E+11;60.05113044
2005m12;58.87;6032.1;28.78;381.12;203.6;100.8;97.9;;;;;;142.6;126.8;162.62;106.06;222;771;109.5;106;1614.6;7.79015E+11;1.05313E+11;99646714684;68124442726;84222277179;31757597928;1.0096E+12;1.47567E+11;1.21774E+11;1.69158E+11;1.34213E+11;84647603964;1.28824E+12;1.74152E+11;1.64783E+11;1.12655E+11;1.39276E+11;52516646763;1.66955E+12;2.44028E+11;2.01374E+11;2.79732E+11;2.21945E+11;1.39979E+11;60.47148835
2006m1;65.43;5822.1;28.12;159.69;83.7;102.4;100.5;;;;;;122;123.12;121.15;117.3;168.7;593.3;107.9;82.1;1424.9;5.79824E+11;52302013704;44326136474;1.24556E+11;88464523707;14039107161;2.8088E+11;23516914185;22472676718;13648607772;24693905660;18338590944;9.5123E+11;85803937977;72719132505;2.0434E+11;1.4513E+11;23031822196;4.60797E+11;38580614841;36867493673;22391189398;40511525267;30085329580;60.95526026
2006m2;60.05;5899.7;28.12;183.01;97.2;101.7;103.2;;;;;;123.4;113.03;134;104.75;167.5;598.4;107;101.7;1484.6;5.71466E+11;52700412088;62354780055;70380061068;97331266372;22963879399;4.22059E+11;58630580129;43845817791;36563696452;62394553390;40479754394;9.15545E+11;84431181106;99898416711;1.12756E+11;1.55934E+11;36790366215;6.76179E+11;93931886547;70245260633;58578594639;99962137459;64852499989;62.4181865
2006m3;64.94;6148.1;27.76;254.38;134.7;100.8;102.1;;;;;;137.6;125.24;156.51;98.99;184;661.5;107.1;108.6;1639.2;8.38246E+11;2.26912E+11;69989076263;74377934001;84257142185;25781098464;5.71283E+11;77391287048;73174864773;60995597919;79947106384;58419995737;1.3205E+12;3.57458E+11;1.10255E+11;1.17169E+11;1.32732E+11;40613397157;8.99951E+11;1.21916E+11;1.15274E+11;96087389239;1.25942E+11;92029999889;63.47929567
2006m4;72;6333.4;27.27;268.62;143.1;100.4;100.6;;;;;;130.2;122.1;151.19;80.08;187.8;677.3;105.6;101.1;1605.7;7.04359E+11;64863057001;69608755759;79145630340;93893083761;24842787159;5.69076E+11;49923133021;58372471913;62552604863;73332830357;46815132734;1.10078E+12;1.01369E+11;1.08786E+11;1.2369E+11;1.46737E+11;38824662309;8.89361E+11;78020584752;91225332155;97758103584;1.14606E+11;73163357548;63.98713004
2006m5;69;6663.4;26.98;293.87;158.7;100.5;101.8;;;;;;131.1;127.36;157.54;60.46;189.9;687.6;107.5;103.9;1584.8;8.66325E+11;2.42483E+11;71845278009;57539296381;1.03517E+11;25887546769;5.22158E+11;54573459525;55289031001;70706846475;78711938490;49128240268;1.34851E+12;3.77446E+11;1.11833E+11;89564973648;1.61133E+11;40296242568;8.12784E+11;84948387827;86062237742;1.10061E+11;1.22522E+11;76472425311;64.24307856
2006m6;73.28;7057.2;27.08;358.53;195.4;100.3;100.8;;;;;;131.7;127.1;162.73;50.49;192.7;698.8;110;105.8;1583.2;1.8243E+12;1.18254E+11;82499774887;61482670185;1.03446E+11;5.56089E+11;1.61638E+12;77779141655;59190409165;77054158191;1.34846E+11;8.12837E+11;2.82556E+12;1.83157E+11;1.27779E+11;95227046442;1.60222E+11;8.61295E+11;2.50353E+12;1.20468E+11;91676692399;1.19345E+11;2.08856E+11;1.25896E+12;64.56429395
2006m7;75.16;7199.6;26.87;377.53;209.2;100.7;101.7;;;;;;133.4;133.58;161.76;51.24;198.7;724;108.3;100.6;1625.4;3.33414E+11;1.18068E+11;93385935424;75181573103;98970674913;44254952133;81727144552;70285744471;48435294210;69395199305;77053390479;46663697965;5.14862E+11;1.82322E+11;1.44208E+11;1.16096E+11;1.52832E+11;68338986891;1.26204E+11;1.08536E+11;74794317395;1.07161E+11;1.18987E+11;72058598865;64.75798683
2006m8;69.64;7417.4;26.74;388.1;219.6;100.2;102.2;;;;;;138.2;133.45;170.49;53.96;204.9;750.1;107.5;99.6;1729.6;9.97384E+11;2.01336E+11;73592194895;79177289283;1.11234E+11;1.4079E+11;6.74211E+11;75188788478;46611400736;74236261322;48405110324;2.612E+11;1.52947E+12;3.08745E+11;1.12852E+11;1.21417E+11;1.70575E+11;2.15899E+11;1.03389E+12;1.153E+11;71477498416;1.1384E+11;74228110332;4.00545E+11;65.21129274
2006m9;61.37;7727.1;26.78;408.67;236;100.1;101.4;;;;;;137.4;129.45;169.64;57.52;206.5;758.4;107.9;99.2;1737.3;8.96859E+11;85559343809;73087179904;80602400820;1.10716E+11;1.74912E+11;7.43375E+11;74349760273;39837030035;88548743355;85161240176;2.45894E+11;1.37257E+12;1.30941E+11;1.11854E+11;1.23355E+11;1.69442E+11;2.67688E+11;1.13767E+12;1.13786E+11;60967224133;1.35516E+11;1.30332E+11;3.7632E+11;65.34171533
2006m10;56.97;7743.4;26.75;399.68;235.4;100.3;97.2;;;;;;143.5;131.39;172.02;78.17;215;791.9;110.8;101.6;1713.1;9.01162E+11;1.84887E+11;77920780508;70978455167;90074394749;47029238765;6.08097E+11;58134248806;50543796304;72255871487;75771143168;1.17871E+11;1.37778E+12;2.82672E+11;1.19132E+11;1.08518E+11;1.37714E+11;71902392329;9.29711E+11;88880697948;77275753703;1.10471E+11;1.15846E+11;1.80212E+11;65.40705704
2006m11;64.42;7974.4;26.31;400.88;239.7;100.6;97.5;;;;;;144.7;128.5;171.67;90.13;215.2;797.2;109.1;100.8;1769.7;9.52986E+11;1.98164E+11;80024809216;66416474819;87211714688;1.18755E+11;7.50381E+11;81929776911;51482135853;79626296363;96164516046;1.92245E+11;1.45265E+12;3.02065E+11;1.21983E+11;1.0124E+11;1.32938E+11;1.8102E+11;1.14382E+12;1.24887E+11;78474944021;1.21375E+11;1.46585E+11;2.93042E+11;65.60327821
2006m12;60.13;8970.7;26.33;488.67;294.1;100.8;101;;;;;;150.8;132.48;178.2;97.43;256.3;954.9;105.6;102.5;1961.6;1.17651E+12;1.25039E+11;1.31696E+11;84509061165;93171842073;2.64801E+11;1.54438E+12;1.22576E+11;1.34082E+11;2.43957E+11;1.96801E+11;3.68343E+11;1.78268E+12;1.89462E+11;1.99548E+11;1.2805E+11;1.41176E+11;4.01233E+11;2.34008E+12;1.85731E+11;2.03164E+11;3.6965E+11;2.98197E+11;5.58122E+11;65.99689788
2007m1;57.21;8674.9;26.53;197.91;125.7;101.7;101.7;;;;;;134.1;130.49;146.48;96.65;193.5;727.6;112.2;87.2;1667.5;7.00439E+11;84491007301;63805373986;82858504195;83663417573;84891615596;3.29277E+11;30117818343;20447469776;19339302567;32756874156;1.17001E+11;1.0529E+12;1.27007E+11;95912056719;1.24553E+11;1.25763E+11;1.27609E+11;4.94969E+11;45273018881;30736578417;29070784619;49240040074;1.75876E+11;66.52487306
2007m2;60.66;8873.4;26.16;211.96;136.4;101.1;100.1;;;;;;132.5;119.92;150.28;95.78;192.5;728.3;107.8;98.1;1657;7.45204E+11;48058545672;83732149885;67075941006;76988256948;1.33426E+11;6.08008E+11;53787703554;61177115037;47340946183;77982219815;1.84415E+11;1.10146E+12;71033892999;1.23762E+11;99142933887;1.13794E+11;1.97213E+11;8.98679E+11;79501989199;90424056384;69973230746;1.15263E+11;2.72578E+11;67.65579591
2007m3;68.42;9381.7;26.01;288.48;185.7;100.6;100;;;;;;147.2;132.39;174.03;90.32;210.8;801.4;106.5;107.3;1847;1.0846E+12;2.85558E+11;91313550904;59405267030;75764808256;1.6753E+11;8.17382E+11;87789467548;66694212403;1.00482E+11;95834015704;2.40612E+11;1.58568E+12;4.17482E+11;1.33499E+11;86849793332;1.10767E+11;2.44928E+11;1.195E+12;1.28347E+11;97506144710;1.46903E+11;1.40108E+11;3.51772E+11;68.40000966
2007m4;67.28;9964.3;25.69;323.39;210.3;100.6;104.3;;;;;;139.4;127.1;167.76;76.77;216.1;826;107.3;101.9;1875.6;9.1403E+11;86201778295;96243744742;93155637610;91045033122;1.25202E+11;7.66072E+11;65304033084;72753675036;86959833835;95562093356;1.79597E+11;1.32833E+12;1.25274E+11;1.39868E+11;1.3538E+11;1.32313E+11;1.81951E+11;1.11331E+12;94904293333;1.05731E+11;1.26376E+11;1.38877E+11;2.61002E+11;68.81040972
2007m5;68.82;10673;25.9;362.52;240.4;100.6;105.3;;;;;;140.4;132.06;172.13;65.33;220.2;846.9;107.9;104.4;1866.4;1.08183E+12;2.4263E+11;96103782816;1.06419E+11;94769119081;1.43062E+11;7.64138E+11;78627233320;68676045460;77870956720;1.03871E+11;2.07865E+11;1.56281E+12;3.50504E+11;1.38832E+11;1.53733E+11;1.36904E+11;2.06668E+11;1.10387E+12;1.13585E+11;99209475800;1.12492E+11;1.50053E+11;3.00281E+11;69.22327218
2007m6;73.26;10827.4;25.82;432.84;290.9;101;102.5;;;;;;141.6;130.47;179.01;56.58;224;869;106;103.8;1936.5;1.16811E+12;1.62313E+11;1.07201E+11;1.8988E+11;98011355724;2.03048E+11;9.44876E+11;86216439713;66100093829;98448130863;1.64702E+11;2.70558E+11;1.67738E+12;2.33079E+11;1.53939E+11;2.72664E+11;1.40743E+11;2.91573E+11;1.35683E+12;1.23806E+11;94918741356;1.4137E+11;2.36509E+11;3.88518E+11;69.63861181
2007m7;78.05;10888.4;25.6;450.59;309.4;100.9;100.7;;;;;;145.9;135.56;184.02;56.75;230.7;902.9;106.5;101.2;2074.1;1.14252E+12;2.13964E+11;1.30142E+11;1.06845E+11;1.00674E+11;1.06923E+11;7.87053E+11;79514771047;67547990290;1.06445E+11;91544966451;1.47483E+11;1.62439E+12;3.04207E+11;1.85031E+11;1.51909E+11;1.43135E+11;1.5202E+11;1.11901E+12;1.13052E+11;96037523678;1.5134E+11;1.30156E+11;2.09687E+11;70.33499793
2007m8;73.53;11128.5;25.65;443.83;312.8;100.1;102.1;;;;;;147.3;136.37;186.05;58.05;240.4;942.3;106.1;99.2;2090.8;1.08758E+12;1.85673E+11;1.00347E+11;1.10648E+11;1.12907E+11;1.42936E+11;7.87458E+11;78716462483;53065153686;1.04125E+11;75493956740;2.11857E+11;1.5325E+12;2.61629E+11;1.41398E+11;1.55913E+11;1.59096E+11;2.01409E+11;1.1096E+12;1.10918E+11;74773340142;1.4672E+11;1.06377E+11;2.98524E+11;70.96801291
2007m9;81.75;11461.8;24.95;463.81;335.2;100.8;99.4;;;;;;144.2;131.46;181.4;61.94;241.1;953.2;105.6;98.7;2164.8;9.79066E+11;59744531056;95826779148;1.03758E+11;1.04758E+11;2.06646E+11;9.1655E+11;1.01863E+11;50310054417;1.20133E+11;1.00123E+11;3.04807E+11;1.37821E+12;84101053083;1.34893E+11;1.46057E+11;1.47466E+11;2.9089E+11;1.29021E+12;1.43391E+11;70820349283;1.69108E+11;1.40941E+11;4.29071E+11;71.03898092
2007m10;91.14;11382.2;24.72;455.92;337.4;101.6;99.9;;;;;;151.7;136.2;186.48;79.23;249;1003.9;106.5;102.5;2313.1;1.61173E+12;4.99295E+11;1.07468E+11;2.46809E+11;1.09204E+11;74315891950;8.2847E+11;76084947131;61091647681;1.20431E+11;1.1075E+11;1.26165E+11;2.2508E+12;6.97268E+11;1.5008E+11;3.44671E+11;1.52504E+11;1.03783E+11;1.15696E+12;1.06253E+11;85314840594;1.68182E+11;1.54663E+11;1.7619E+11;71.60729277
2007m11;88;11756;24.35;452.73;340.3;101.2;103.1;;;;;;153.7;131.29;188.53;93.01;250.5;1023.2;106.6;100.9;2375.9;1.14242E+12;1.47604E+11;1.12097E+11;1.1542E+11;1.19515E+11;1.47811E+11;1.58517E+12;2.18977E+11;63993468603;3.13649E+11;1.31451E+11;2.64815E+11;1.57028E+12;2.02884E+11;1.54079E+11;1.58646E+11;1.64275E+11;2.03168E+11;2.17884E+12;3.00987E+11;87959892082;4.31115E+11;1.80681E+11;3.63991E+11;72.75300946
2007m12;93.85;12869;24.55;614.81;468.9;101.1;103.7;;;;;;158.5;135.36;191.36;103.06;301.4;1241.5;107.6;103.5;2588.4;1.59314E+12;1.56454E+11;1.82276E+11;1.08344E+11;1.30095E+11;3.12609E+11;2.11131E+12;2.09712E+11;1.82131E+11;3.65175E+11;2.62194E+11;4.62041E+11;2.16383E+12;2.12499E+11;2.47571E+11;1.47154E+11;1.76697E+11;4.24591E+11;2.86761E+12;2.84834E+11;2.47373E+11;4.95987E+11;3.56116E+11;6.27551E+11;73.62604557
2008m1;91.98;12509.7;24.48;258.22;199.2;102.3;101.6;;;;;;143.3;133.2;158.82;105.63;226;942;105.5;84;2306.7;1.01546E+12;1.09307E+11;84351389420;1.73319E+11;1.31157E+11;91830963528;4.54454E+11;58438533666;27280581922;41230902592;42043559603;1.59032E+11;1.3642E+12;1.46846E+11;1.13321E+11;2.32843E+11;1.76201E+11;1.23369E+11;6.1053E+11;78508499915;36649748533;55391128244;56482881901;2.13649E+11;74.43593207
2008m2;100.04;12662.9;24.12;275.78;217.5;101.2;100.7;;;;;;143.4;126.14;169.47;94.65;228.5;962.3;109.9;101.7;2337;1.05145E+12;1.25788E+11;1.1726E+11;-37374844761;1.32185E+11;1.62614E+11;9.18329E+11;1.19842E+11;71756733655;1.32462E+11;1.06776E+11;2.5975E+11;1.3808E+12;1.65189E+11;1.5399E+11;-49081873623;1.7359E+11;2.13549E+11;1.20598E+12;1.57381E+11;94233299305;1.73954E+11;1.40222E+11;3.41112E+11;76.14795851
2008m3;100.51;12973.8;23.52;366.78;288.7;101.2;100.7;;;;;;152.6;134.08;184.72;90.86;245.4;1047.2;106.9;104.6;2577.3;1.26733E+12;3.34354E+11;1.21038E+11;-42285490310;1.28473E+11;1.9622E+11;9.63078E+11;97375418443;77334346627;98982971759;1.13374E+11;3.14407E+11;1.64457E+12;4.33879E+11;1.57066E+11;-54872227901;1.66714E+11;2.54627E+11;1.24975E+12;1.2636E+11;1.00354E+11;1.28446E+11;1.47121E+11;4.07993E+11;77.06173401
2008m4;112.71;12944.4;23.65;394.29;315.3;101.4;104.5;;;;;;147.5;130.6;182.5;76.69;248.1;1074.6;107.2;102.1;2680.4;1.8206E+12;3.75042E+11;1.388E+11;3.71859E+11;1.4536E+11;1.56526E+11;1.02601E+12;94392876677;97663985676;1.16514E+11;1.38657E+11;2.57335E+11;2.33451E+12;4.80906E+11;1.7798E+11;4.76825E+11;1.86391E+11;2.00709E+11;1.31563E+12;1.21037E+11;1.25232E+11;1.49403E+11;1.77797E+11;3.29974E+11;77.98647482
2008m5;128.27;13312.8;23.74;425.44;347.8;101.4;103.5;;;;;;146.8;134.26;182.87;65.57;253.6;1113.5;104;101.3;2678.5;1.2559E+12;1.8802E+11;1.27953E+11;-14057391059;1.45759E+11;2.16113E+11;9.95461E+11;86450914867;71642847591;1.2785E+11;1.33176E+11;3.1502E+11;1.58818E+12;2.37764E+11;1.61806E+11;-17776550132;1.84323E+11;2.7329E+11;1.25883E+12;1.09323E+11;90597370908;1.61675E+11;1.68411E+11;3.98365E+11;79.07828547
2008m6;140.3;13841.2;23.46;503.72;420.2;101;104.9;;;;;;145.6;131.3;185.79;58.62;256.6;1136.6;104.9;104.7;2791.6;1.13292E+12;99558717499;1.44771E+11;-16224867869;1.70883E+11;1.92835E+11;1.1582E+12;93823417175;72291313684;1.76984E+11;1.89697E+11;2.85147E+11;1.41288E+12;1.24161E+11;1.80545E+11;-20234196774;2.1311E+11;2.40486E+11;1.4444E+12;1.17008E+11;90155228255;2.20719E+11;2.36573E+11;3.5561E+11;80.18538146
2008m7;123.96;13842.6;23.45;505.74;432.1;100.5;105.4;;;;;;148.7;135.5;188.58;58.97;266.4;1184.9;106.5;102.8;2944.4;2.15642E+12;4.13211E+11;1.97298E+11;4.07944E+11;1.7832E+11;1.95773E+11;1.11072E+12;1.06855E+11;80683576338;1.55557E+11;1.33203E+11;2.94535E+11;2.66267E+12;5.10217E+11;2.43616E+11;5.03714E+11;2.20183E+11;2.41733E+11;1.37147E+12;1.3194E+11;99625053335;1.92076E+11;1.64474E+11;3.63681E+11;80.98723528
2008m8;115.17;14196.6;24.58;472.87;415.2;100.4;100.4;;;;;;148.8;135.5;188.39;60.09;275.4;1228.6;103.4;96.1;2921.7;1.23956E+12;1.81815E+11;1.28085E+11;-23121177588;1.85736E+11;1.72845E+11;1.00777E+12;88638154351;60915205545;1.58412E+11;86267088579;3.02109E+11;1.52295E+12;2.23381E+11;1.57368E+11;-28407127093;2.28198E+11;2.1236E+11;1.23817E+12;1.08903E+11;74841602647;1.94628E+11;1.05989E+11;3.71177E+11;81.39217145
2008m9;98.96;14045.7;25.25;509.75;457.3;100.8;95;;;;;;148.4;133.06;186.7;66.16;276.6;1242.8;105.5;100.7;2961.5;1.23924E+12;1.88232E+11;1.28408E+11;-19519838322;1.61864E+11;1.68412E+11;1.10747E+12;1.06526E+11;60905338200;1.55808E+11;1.21294E+11;3.10001E+11;1.51649E+12;2.30344E+11;1.57136E+11;-23886904225;1.98077E+11;2.06089E+11;1.35523E+12;1.30358E+11;74531354021;1.90666E+11;1.4843E+11;3.79356E+11;81.71774014
2008m10;65.6;13173.1;26.54;483.24;439.1;100.9;93.4;;;;;;149.4;135.73;181.09;79.46;281;1277.6;104.1;100.8;2825.5;1.60635E+12;2.81559E+11;1.37068E+11;1.57145E+11;1.41575E+11;1.72172E+11;1.20915E+12;1.02484E+11;82469550745;1.81163E+11;1.53882E+11;3.12921E+11;1.95013E+12;3.41816E+11;1.66402E+11;1.90776E+11;1.71874E+11;2.09019E+11;1.46793E+12;1.24417E+11;1.00119E+11;2.19935E+11;1.86814E+11;3.7989E+11;82.37148206
2008m11;53.49;12839.2;27.61;481.79;438.9;100.8;91.6;;;;;;134.6;126.36;154.11;85.65;271.4;1244.4;100.4;97.4;2463.8;9.57957E+11;51570769629;1.26438E+11;29323481307;1.08443E+11;1.5215E+11;1.41258E+12;98628635249;78871790754;4.21544E+11;1.37644E+11;3.11339E+11;1.1526E+12;62049111412;1.52128E+11;35281535871;1.30476E+11;1.83064E+11;1.69959E+12;1.18668E+11;94897256081;5.07194E+11;1.65611E+11;3.74598E+11;83.1128254
2008m12;45.59;12975.9;29.38;616.69;556.8;100.7;92.4;;;;;;138.3;130.66;154.57;97.47;316.7;1460.1;100.7;103.7;2657.3;1.26018E+12;1.64714E+11;2.14797E+11;11673651825;78255249184;2.35655E+11;2.626E+12;2.34104E+11;2.61793E+11;4.86574E+11;3.09484E+11;4.8612E+11;1.50419E+12;1.96608E+11;2.5639E+11;13934075444;93408177867;2.81286E+11;3.13448E+12;2.79435E+11;3.12485E+11;5.80792E+11;3.69411E+11;5.8025E+11;83.777728
2009m1;45.93;11430.9;35.41;222.01;196.8;102.4;96.6;;;;;;116.2;126.87;115.93;97.77;236.3;1101;100.4;85;2165.1;1.0599E+12;77407421805;84121843871;1.5292E+11;59920681243;94011064085;4.77006E+11;53926611924;27289656648;33878345253;42316442777;1.86204E+11;1.25634E+12;91753904389;99712759315;1.81262E+11;71026218540;1.11435E+11;5.65413E+11;63921224595;32347447939;40157266303;50159258041;2.20715E+11;84.3641721
2009m2;45.84;11465.2;35.72;226.01;201.6;101.7;105.1;;;;;;117.5;116.55;129.94;90.1;226.1;1071.8;98.5;100.2;2260.9;8.29676E+11;13870837630;1.23293E+11;98628107020;61894822215;1.84881E+11;1.09519E+12;97360427154;96494114084;1.69097E+11;1.27466E+11;3.18652E+11;9.60396E+11;16056270732;1.42718E+11;1.14168E+11;71646720186;2.1401E+11;1.26775E+12;1.127E+11;1.11697E+11;1.95739E+11;1.47549E+11;3.68857E+11;86.38891223
2009m3;48.68;11581.6;34.01;302.4;263.3;101.3;102.9;;;;;;129.9;127.92;148.82;89.21;239.3;1151.3;98.6;104.9;2468.2;1.14393E+12;2.63976E+11;1.31325E+11;77416383349;59804716347;1.92908E+11;1.23486E+12;1.23286E+11;96860084978;1.89944E+11;1.40122E+11;3.58495E+11;1.30203E+12;3.00459E+11;1.49475E+11;88115826690;68070113753;2.19569E+11;1.40553E+12;1.40325E+11;1.10247E+11;2.16196E+11;1.59488E+11;4.08042E+11;87.85752374
2009m4;50.64;11838.7;33.25;340.8;293.6;100.7;102.4;;;;;;124.5;124.55;145.33;76.01;237.3;1159.1;96.2;99.5;2266.5;1.12281E+12;1.47765E+11;1.36911E+11;83567994241;71694199154;2.00192E+11;1.33361E+12;1.03055E+11;1.16857E+11;2.38509E+11;1.56493E+11;3.91306E+11;1.26159E+12;1.66028E+11;1.53833E+11;93896969271;80555577240;2.24935E+11;1.49844E+12;1.15793E+11;1.313E+11;2.67988E+11;1.75835E+11;4.39672E+11;88.99967154
2009m5;65.8;12331.6;30.98;342.84;295.9;100.6;100.6;;;;;;122.8;126.95;145.51;62.06;240.7;1175.1;94.8;99.8;2186.4;8.91919E+11;65701617125;1.20868E+11;65829276766;71831704527;1.79022E+11;1.07021E+12;80235880648;1.07627E+11;1.20763E+11;1.40153E+11;3.39754E+11;9.95194E+11;73309150105;1.34864E+11;73451591345;80149034985;1.99751E+11;1.19413E+12;89526323333;1.20089E+11;1.34746E+11;1.56381E+11;3.79094E+11;89.62266924
2009m6;69.42;12650.5;31.29;417.93;359.7;100.6;102.2;;;;;;125.7;125.16;155.9;56.19;241.6;1187.1;95.2;105;2276.1;9.94419E+11;60208387771;1.43317E+11;75244533055;87415515707;1.95561E+11;1.40879E+12;1.09913E+11;82138298066;2.82291E+11;2.10535E+11;3.79081E+11;1.10294E+12;66779189376;1.58958E+11;83456294188;96955548785;2.16904E+11;1.56253E+12;1.21909E+11;91102405573;3.13098E+11;2.33511E+11;4.20451E+11;90.16040526
2009m7;71.52;12618.1;31.76;429.21;369;100.6;101.8;;;;;;129.9;130.65;160.51;57.09;246.9;1220.1;93;100.4;2288.9;1.31104E+12;1.29487E+11;1.9242E+11;1.22279E+11;1.01268E+11;1.95984E+11;1.30938E+12;1.14365E+11;85527155333;2.10668E+11;1.48248E+11;3.76946E+11;1.44545E+12;1.42762E+11;2.12147E+11;1.34814E+11;1.1165E+11;2.16076E+11;1.44362E+12;1.2609E+11;94295331493;2.32266E+11;1.63447E+11;4.1559E+11;90.70136769
2009m8;69.32;12797.3;31.57;412.47;359.2;100;101.4;;;;;;128.5;131.35;156.8;56.81;250.9;1229.7;94.2;97.3;2332;1.29478E+12;75293784550;1.20984E+11;97660988576;99775399239;1.65205E+11;1.28515E+12;88360509788;72316775557;3.38431E+11;86315214783;3.65926E+11;1.41901E+12;82517737227;1.32592E+11;1.07031E+11;1.09348E+11;1.81055E+11;1.40846E+12;96838130418;79255103434;3.70901E+11;94596602557;4.01034E+11;91.2455759
2009m9;68.92;13101.9;30.09;429.8;377.3;100;101.2;;;;;;131.5;130.04;163.23;60.68;250.4;1234.9;93.7;100.3;2445.2;9.06515E+11;1.032E+11;1.22828E+11;1.16057E+11;1.16586E+11;1.59935E+11;1.28968E+12;1.12826E+11;72624917646;2.16765E+11;1.23989E+11;3.85671E+11;9.93489E+11;1.13101E+11;1.34613E+11;1.27192E+11;1.27772E+11;1.7528E+11;1.41342E+12;1.23651E+11;79592809767;2.37562E+11;1.35885E+11;4.22674E+11;91.2455759
2009m10;75.09;13376.9;29.05;426.36;374.3;100;99.1;;;;;;137.2;134.72;165.06;77.71;258.6;1275.6;93.2;100.5;2519.8;1.23078E+12;1.3484E+11;1.3087E+11;1.14013E+11;1.00914E+11;1.61471E+11;1.2023E+12;92779731868;75229932469;1.64734E+11;1.48856E+11;3.86627E+11;1.34886E+12;1.47777E+11;1.43426E+11;1.24952E+11;1.10596E+11;1.76963E+11;1.31765E+12;1.01681E+11;82447758950;1.8054E+11;1.63137E+11;4.23721E+11;91.2455759
2009m11;78.36;13713.3;29.82;431.05;380.8;100.3;99.5;;;;;;138.3;131.11;165.91;88.34;256.1;1266.9;95.3;99.8;2574.4;1.0859E+12;50535351809;1.30722E+11;83015000877;1.10383E+11;1.54334E+11;1.28893E+12;96405357689;90111964953;1.96052E+11;1.46409E+11;3.8275E+11;1.19008E+12;55383892656;1.43264E+11;90979754427;1.20974E+11;1.69141E+11;1.41259E+12;1.05655E+11;98757626402;2.14862E+11;1.60456E+11;4.19473E+11;91.2455759
2009m12;77.93;15267.6;30.24;596.14;526.8;100.4;100.5;;;;;;147.4;135.84;176.27;102.91;308;1529.9;96.8;106;2812.7;1.549E+12;1.4236E+11;2.28162E+11;90277166689;1.12348E+11;2.37585E+11;2.85223E+12;2.18043E+11;2.68113E+11;6.21148E+11;3.0697E+11;6.7471E+11;1.69254E+12;1.55551E+11;2.49304E+11;98642749928;1.22759E+11;2.59601E+11;3.11653E+12;2.38249E+11;2.92958E+11;6.78707E+11;3.35415E+11;7.37233E+11;91.51931263
2010m1;71.18;14904.1;30.43;209.25;184.8;101.6;98.9;;;;;;125.9;131.08;130.62;107.13;239;1193.6;98.1;84.5;2151.1;9.7265E+11;41269323638;85522066905;1.76643E+11;1.12395E+11;53310316982;5.76667E+11;59412422215;27121801740;37850597247;50627336365;2.41635E+11;1.05855E+12;44913912531;93074717341;1.92242E+11;1.22321E+11;58018273693;6.27594E+11;64659269874;29516990434;41193270549;55098352886;2.62974E+11;91.88538988
2010m2;78.03;15236.4;29.95;222.43;199.9;100.9;102;;;;;;125.9;122.17;142.11;96.2;231.4;1163.9;99.9;102.4;2410.7;1.02877E+12;32346634203;1.3274E+11;1.06956E+11;1.15403E+11;1.94604E+11;1.18101E+12;92449134332;1.01255E+11;1.00426E+11;1.36915E+11;4.78219E+11;1.10199E+12;34648858139;1.42188E+11;1.14569E+11;1.23617E+11;2.08455E+11;1.26506E+12;99029064985;1.08462E+11;1.07573E+11;1.46659E+11;5.12255E+11;93.35555611
2010m3;82.17;15639.4;29.36;298.05;262.2;100.6;101.8;;;;;;141.8;135.49;168.12;93.03;250.4;1268.2;101.6;106.6;2711.8;1.46173E+12;3.1296E+11;1.40539E+11;1.23536E+11;1.02734E+11;2.08713E+11;1.46307E+12;1.45105E+11;1.45025E+11;2.37833E+11;1.47483E+11;4.71972E+11;1.5518E+12;3.32245E+11;1.49199E+11;1.31148E+11;1.09065E+11;2.21574E+11;1.55323E+12;1.54046E+11;1.53961E+11;2.52488E+11;1.5657E+11;5.01054E+11;94.19575612
2010m4;87.35;16098.6;29.29;350.21;309.8;100.3;103.2;;;;;;133.6;129.93;161.56;75.91;251.9;1280.3;101.5;99.2;2585.6;1.53571E+12;2.78187E+11;1.48169E+11;89471013969;1.15621E+11;2.1754E+11;1.46918E+12;1.06467E+11;1.40616E+11;1.50846E+11;1.67621E+11;5.62435E+11;1.62061E+12;2.93567E+11;1.56361E+11;94417618474;1.22013E+11;2.29567E+11;1.5504E+12;1.12353E+11;1.48391E+11;1.59185E+11;1.76888E+11;5.93531E+11;94.76093066
2010m5;74.6;16470.6;30.5;353.01;318.8;100.5;102.7;;;;;;132.6;133.83;162.04;62.47;257.9;1317.6;102.1;100.2;2474.3;1.18392E+12;1.29045E+11;1.35208E+11;56665502144;1.19175E+11;1.94585E+11;1.20398E+12;89305849816;81772219104;1.05949E+11;1.40584E+11;4.64356E+11;1.24564E+12;1.35772E+11;1.42256E+11;59619522213;1.25388E+11;2.04729E+11;1.26674E+12;93961438536;86035073348;1.11472E+11;1.47913E+11;4.88563E+11;95.04521345
2010m6;74.66;16900.9;31.2;468.45;427.2;100.4;96.9;;;;;;134.7;131.69;171.12;56.29;261;1336.6;101.1;103.8;2583.4;1.42071E+12;1.41516E+11;1.51961E+11;94297284295;1.12034E+11;2.13074E+11;1.4373E+12;1.22437E+11;67406941281;1.58056E+11;2.17314E+11;4.94458E+11;1.48734E+12;1.48152E+11;1.59088E+11;98719483258;1.17288E+11;2.23067E+11;1.5047E+12;1.28179E+11;70568081160;1.65469E+11;2.27506E+11;5.17647E+11;95.52043952
2010m7;78.26;17063.3;30.19;432.38;397;100.4;100.7;;;;;;135.7;135.77;169.75;57.02;268.8;1380.8;100.8;100;2567.4;1.40698E+12;1.56594E+11;1.72956E+11;1.11098E+11;1.12789E+11;2.12011E+11;1.38584E+12;1.13542E+11;1.02917E+11;1.7102E+11;1.51129E+11;4.8582E+11;1.46709E+12;1.63285E+11;1.80346E+11;1.15845E+11;1.17608E+11;2.21069E+11;1.44505E+12;1.18394E+11;1.07314E+11;1.78327E+11;1.57586E+11;5.06577E+11;95.90252127
2010m8;74.42;17437.7;30.66;452.3;424.7;100.6;103.3;;;;;;137.2;134.14;173.99;57.87;273.7;1414.6;101.4;97.9;2660.5;1.22565E+12;1.16199E+11;1.37046E+11;79223240290;1.1705E+11;1.83621E+11;1.27189E+12;1.07335E+11;73780739195;1.66524E+11;96285009157;4.80881E+11;1.27292E+12;1.20681E+11;1.42332E+11;82278973277;1.21565E+11;1.90704E+11;1.32095E+12;1.11475E+11;76626548553;1.72947E+11;99998834514;4.99429E+11;96.28613136
2010m9;82.11;17690.2;30.4;489.8;466.7;100.8;98.7;;;;;;139.5;133.07;178.52;61.75;269.3;1408.4;102.2;101.1;2774.7;1.18329E+12;1.34137E+11;1.37376E+11;1.42424E+11;1.18045E+11;1.79099E+11;1.32083E+12;1.27856E+11;44924902094;2.10341E+11;1.28554E+11;4.42181E+11;1.22161E+12;1.38479E+11;1.41824E+11;1.47035E+11;1.21867E+11;1.84898E+11;1.36359E+12;1.31995E+11;46379431495;2.17151E+11;1.32716E+11;4.56497E+11;96.86384815
2010m10;83.26;17848.3;30.78;436.9;419.8;100.5;102.2;;;;;;146.9;138.79;183.2;79.2;277.9;1462.6;102.2;100.6;2847.5;1.3467E+12;1.43627E+11;1.42284E+11;1.44349E+11;1.18198E+11;1.75962E+11;1.42011E+12;1.08406E+11;98933894761;1.89288E+11;1.52827E+11;5.16965E+11;1.37927E+12;1.47101E+11;1.45725E+11;1.4784E+11;1.21056E+11;1.80218E+11;1.45445E+12;1.11028E+11;1.01326E+11;1.93866E+11;1.56523E+11;5.29467E+11;97.63875893
2010m11;85.45;18264.9;31.31;443.5;430;100.8;104.4;;;;;;148.4;133.38;187.9;85.7;276.8;1470.9;104.2;101.9;2958.6;1.29886E+12;1.20502E+11;1.4824E+11;71656318538;1.29365E+11;1.7684E+11;1.4352E+12;1.19362E+11;68283825779;1.82063E+11;1.60393E+11;4.80239E+11;1.32366E+12;1.22802E+11;1.51069E+11;73024094346;1.31834E+11;1.80215E+11;1.4626E+12;1.21641E+11;69587227445;1.85538E+11;1.63454E+11;4.89406E+11;98.12695273
2010m12;94.59;20011.9;30.48;633.3;613.2;101.1;101;;;;;;157.9;137.9;198.1;103.4;329.7;1771.1;101.8;105.4;3250.6;1.65094E+12;1.68188E+11;2.58457E+11;1.32767E+11;1.33504E+11;2.69891E+11;3.13594E+12;2.47229E+11;3.27649E+11;6.13675E+11;3.44149E+11;7.44016E+11;1.6691E+12;1.70038E+11;2.613E+11;1.34228E+11;1.34972E+11;2.72859E+11;3.17043E+12;2.49949E+11;3.31253E+11;6.20425E+11;3.47935E+11;7.522E+11;98.91196835
2011m1;100.56;19307.7;29.67;207.1;201.3;102.4;102.2;;;;;;133.7;133.5;148.4;102;248.2;1360.9;103.9;86;2555;1.11585E+12;67399162752;97620299496;1.82559E+11;1.45034E+11;1.09463E+11;6.47007E+11;44931063622;23178377501;30684604417;56788607152;2.7043E+11;1.11585E+12;67399162752;97620299496;1.82559E+11;1.45034E+11;1.09463E+11;6.47007E+11;44931063622;23178377501;30684604417;56788607152;2.7043E+11;100
2011m2;112.1;19536.7;28.94;225.3;224.9;100.8;103.4;;;;;;132.5;123.4;157;94.7;245;1354.1;102.6;101.2;2727.4;1.28911E+12;56060846211;1.42854E+11;99716116235;1.4231E+11;2.96741E+11;1.30204E+12;72175585626;1.62263E+11;1.00883E+11;1.44244E+11;5.01787E+11;1.27888E+12;55615918860;1.41721E+11;98924718487;1.4118E+11;2.94386E+11;1.29171E+12;71602763518;1.60975E+11;1.00082E+11;1.43099E+11;4.97804E+11;100.8
2011m3;117.17;19788.7;28.43;315.6;307.4;100.6;101.4;;;;;;146.8;136.8;179.1;92.3;263.1;1465.1;102.5;106.6;3132.7;1.98752E+12;4.37341E+11;1.57853E+11;1.4891E+11;1.53231E+11;3.22333E+11;1.6264E+12;1.145E+11;76898147424;2.16135E+11;1.73715E+11;6.46887E+11;1.95999E+12;4.31282E+11;1.55666E+11;1.46847E+11;1.51108E+11;3.17868E+11;1.60387E+12;1.12914E+11;75832847581;2.13141E+11;1.71309E+11;6.37926E+11;101.4048
2011m4;126.03;20020.8;27.5;343.4;334.7;100.4;102;;;;;;140.8;132.1;176.2;76.4;265.5;1484.7;104.1;100.7;3042;1.93355E+12;2.94835E+11;1.6035E+11;1.73032E+11;1.72462E+11;3.16013E+11;1.57824E+12;1.02307E+11;1.73846E+11;2.17354E+11;1.8221E+11;5.30363E+11;1.89917E+12;2.89592E+11;1.57499E+11;1.69955E+11;1.69395E+11;3.10393E+11;1.55018E+12;1.00488E+11;1.70755E+11;2.13489E+11;1.7897E+11;5.20932E+11;101.8104192
2011m5;116.68;20160.9;28.07;355.1;353.3;100.5;101.1;;;;;;140.8;137.2;177.8;62.8;273;1532.2;104;99.9;3022;1.66597E+12;2.15618E+11;1.52589E+11;1.02862E+11;1.77265E+11;3.01778E+11;1.39575E+12;87493275825;1.00056E+11;1.57585E+11;1.64111E+11;5.2889E+11;1.6282E+12;2.1073E+11;1.4913E+11;1.0053E+11;1.73247E+11;2.94937E+11;1.36411E+12;85509898279;97788197521;1.54013E+11;1.60391E+11;5.16901E+11;102.3194713
2011m6;111.8;20721.9;28.08;472.6;471.1;100.2;97.7;;;;;;143.5;134.7;187.9;57.5;276.2;1551.4;103.4;103.1;3194.8;1.89309E+12;1.809E+11;1.74457E+11;1.82087E+11;1.73316E+11;3.32939E+11;1.58928E+12;1.30624E+11;88777342704;1.76584E+11;2.48989E+11;5.21963E+11;1.84648E+12;1.76447E+11;1.70162E+11;1.77604E+11;1.69049E+11;3.24742E+11;1.55015E+12;1.27408E+11;86591673410;1.72236E+11;2.42859E+11;5.09112E+11;102.5241102
2011m7;117.54;20828.1;27.68;453.7;457.5;100;98.2;;;;;;143.3;139.4;183.2;58.7;285.3;1599.2;101.1;97.7;3121.7;1.86355E+12;1.68675E+11;1.85816E+11;1.53905E+11;1.66055E+11;3.11307E+11;1.52663E+12;1.06797E+11;1.3311E+11;1.89159E+11;1.64627E+11;5.17198E+11;1.81767E+12;1.64522E+11;1.81241E+11;1.50116E+11;1.61967E+11;3.03643E+11;1.48905E+12;1.04168E+11;1.29833E+11;1.84502E+11;1.60574E+11;5.04464E+11;102.5241102
2011m8;114.49;21061.9;28.86;473.2;490.2;99.8;103.3;;;;;;145.5;138.4;188.4;59.6;296.2;1652.6;103.7;100.3;3322.5;1.74744E+12;1.98789E+11;1.55956E+11;1.0728E+11;1.75673E+11;2.90866E+11;1.4732E+12;91661834575;96799149716;2.16331E+11;1.19239E+11;5.28736E+11;1.70784E+12;1.94283E+11;1.52421E+11;1.04849E+11;1.71691E+11;2.84273E+11;1.43981E+12;89584318667;94605196536;2.11428E+11;1.16537E+11;5.16752E+11;102.319062
2011m9;102.15;21480.4;31.88;524.3;548.5;100;100.5;;;;;;146.1;135.3;190.4;63.5;294.7;1643.2;102.2;99.5;3454.6;1.67468E+12;1.53102E+11;1.5105E+11;1.90722E+11;1.74027E+11;2.82819E+11;1.60685E+12;1.19469E+11;53495542931;2.15384E+11;1.58603E+11;5.71065E+11;1.63673E+12;1.49632E+11;1.47626E+11;1.86399E+11;1.70083E+11;2.76409E+11;1.57043E+12;1.16761E+11;52283066200;2.10502E+11;1.55008E+11;5.58122E+11;102.319062
2011m10;109.19;21366.7;29.9;486.6;516;100.5;100.9;;;;;;152.1;139.3;194.1;78.7;303.3;1701.3;102.4;100.9;3580.6;1.85445E+12;1.93956E+11;1.56381E+11;1.44292E+11;1.86619E+11;2.68357E+11;1.57914E+12;96306350547;1.19786E+11;2.01214E+11;1.93047E+11;5.32971E+11;1.80341E+12;1.88617E+11;1.52077E+11;1.4032E+11;1.81482E+11;2.60969E+11;1.53567E+12;93655290211;1.16488E+11;1.95675E+11;1.87733E+11;5.183E+11;102.8306573
2011m11;110.37;21920;31.32;482.7;513.3;100.4;101;;;;;;154.5;135.6;197.2;91.1;300.2;1693.9;102.9;102.6;3631.9;1.64454E+12;1.51556E+11;1.64246E+11;62313910148;1.91366E+11;2.7139E+11;1.70445E+12;1.16064E+11;73964708942;2.44151E+11;2.04532E+11;5.36205E+11;1.5929E+12;1.46797E+11;1.59088E+11;60357143648;1.85357E+11;2.62868E+11;1.65093E+12;1.1242E+11;71642086845;2.36485E+11;1.9811E+11;5.19368E+11;103.24198
2011m12;107.22;24483.1;32.2;681.6;722.1;100.4;100.2;;;;;;164.7;139.6;212.7;100.2;360.6;2044;102.2;104.8;4138.8;2.18391E+12;1.52314E+11;2.96636E+11;2.05898E+11;1.8519E+11;4.24325E+11;3.97585E+12;2.84234E+11;4.15001E+11;8.28345E+11;4.217E+11;8.25811E+11;2.1069E+12;1.46944E+11;2.86177E+11;1.98638E+11;1.7866E+11;4.09363E+11;3.83566E+12;2.74212E+11;4.00368E+11;7.99137E+11;4.06831E+11;7.96692E+11;103.6549479
2012m1;111.16;23617.6;30.36;224.2;238.8;100.5;99.8;;;;;;138.7;135.8;157.6;101;267.2;1524.5;103.7;86.3;2998.2;1.44653E+12;71560409954;1.06208E+11;1.69147E+11;1.8973E+11;1.57454E+11;1.03307E+12;58454470895;1.20035E+11;61958552437;1.50246E+11;3.21381E+11;1.38858E+12;68693670174;1.01953E+11;1.62371E+11;1.82129E+11;1.51146E+11;9.91684E+11;56112760483;1.15226E+11;59476467062;1.44227E+11;3.08507E+11;104.1732226
2012m2;123.04;23791.1;28.95;235.2;257.3;100.4;101.1;;;;;;141.7;128.4;170.6;100.1;265.8;1524.4;106.5;103.9;3268.5;1.50087E+12;1.02661E+11;1.75401E+11;71889339660;2.14298E+11;3.27118E+11;1.68844E+12;87876056186;3.28098E+11;1.08473E+11;1.86159E+11;5.85196E+11;1.435E+12;98155581890;1.67704E+11;68734484880;2.04894E+11;3.12763E+11;1.61434E+12;84019626328;3.13699E+11;1.03713E+11;1.77989E+11;5.59515E+11;104.5899155
2012m3;122.8;23975.3;29.33;325.8;347.6;100.6;102.2;;;;;;151.8;136.8;189.2;93.3;284.2;1640.8;104.6;104.8;3553.3;2.1561E+12;3.94589E+11;1.76124E+11;2.23807E+11;2.08636E+11;3.2839E+11;1.86213E+12;1.25797E+11;1.12561E+11;2.75976E+11;2.16687E+11;6.83208E+11;2.04918E+12;3.75022E+11;1.67391E+11;2.12709E+11;1.9829E+11;3.12106E+11;1.76979E+12;1.19559E+11;1.0698E+11;2.62291E+11;2.05942E+11;6.4933E+11;105.217455
2012m4;119.47;24162.3;29.36;358;383.2;100.3;100.7;;;;;;144.3;132.3;183.9;74.8;284.8;1650.1;103.5;99.7;3412.1;2.01155E+12;1.3745E+11;1.79292E+11;1.98406E+11;2.2635E+11;3.30016E+11;1.89495E+12;1.17092E+11;2.02332E+11;2.51625E+11;2.4496E+11;6.13058E+11;1.90608E+12;1.30244E+11;1.69891E+11;1.88004E+11;2.14482E+11;3.12713E+11;1.7956E+12;1.10953E+11;1.91724E+11;2.38432E+11;2.32116E+11;5.80916E+11;105.5331074
2012m5;101.62;24365.9;32.45;390.6;423.4;100.5;97.6;;;;;;145.6;137.1;187.7;63.7;294.1;1712.9;103.6;100.2;3394.3;2.07479E+12;4.33663E+11;1.77641E+11;98122297560;2.06289E+11;3.3187E+11;1.66033E+12;1.03606E+11;1.20433E+11;1.89986E+11;2.08499E+11;6.00474E+11;1.95623E+12;4.08881E+11;1.6749E+11;92515163595;1.94501E+11;3.12905E+11;1.56545E+12;97685088670;1.13551E+11;1.7913E+11;1.96585E+11;5.6616E+11;106.0607729
2012m6;97.57;24679.2;32.82;481.6;524.1;100.9;99.2;;;;;;145.8;134.8;192;58.4;298;1749.2;103.5;103.1;3469.2;1.91164E+12;1.57759E+11;1.91736E+11;2.17192E+11;2.01887E+11;3.51407E+11;1.82232E+12;1.28227E+11;82964238476;2.67143E+11;2.57915E+11;6.09747E+11;1.78633E+12;1.47418E+11;1.79166E+11;2.02954E+11;1.88652E+11;3.28371E+11;1.70286E+12;1.19821E+11;77525571652;2.4963E+11;2.41007E+11;5.69775E+11;107.0153199
2012m7;104.62;24564.3;32.19;460.4;508.6;101.2;98.9;;;;;;148.6;140.7;193.2;59.2;303.3;1794.1;103.5;97.8;3572.1;2.06514E+12;1.85371E+11;2.25104E+11;1.55659E+11;1.77989E+11;3.40118E+11;1.80333E+12;1.28323E+11;1.35306E+11;2.45412E+11;1.90682E+11;5.9325E+11;1.90687E+12;1.71165E+11;2.07854E+11;1.4373E+11;1.64349E+11;3.14053E+11;1.66513E+12;1.18489E+11;1.24937E+11;2.26605E+11;1.76069E+11;5.47787E+11;108.2995037
2012m8;114.92;24573.5;32.29;491.8;552.6;100.1;105.1;;;;;;152;140;200.9;59.9;311.8;1848.7;102;98.8;3657.3;1.85736E+12;1.73147E+11;1.7403E+11;87660728315;1.97387E+11;3.14498E+11;1.66619E+12;1.05196E+11;75978592866;2.58234E+11;1.31879E+11;6.33343E+11;1.7133E+12;1.59718E+11;1.60533E+11;80862009677;1.82078E+11;2.90106E+11;1.53696E+12;97037533630;70085907677;2.38206E+11;1.21651E+11;5.84223E+11;108.4078032
2012m9;112.14;24657.5;30.92;527.7;599;100.6;104.8;;;;;;149.5;135.9;197.1;63.6;310.3;1849.6;102.6;100.2;3751.1;1.66128E+12;75373782609;1.60672E+11;2.16501E+11;2.15391E+11;2.95953E+11;1.66908E+12;91450977178;39079995477;2.54562E+11;1.93969E+11;6.06281E+11;1.52329E+12;69113324847;1.47327E+11;1.98519E+11;1.97501E+11;2.71372E+11;1.53045E+12;83855166539;35834057001;2.33419E+11;1.77858E+11;5.55924E+11;109.05825
2012m10;108.4;24739.2;31.53;489.1;560.7;100.5;98.4;;;;;;157.5;140.6;204.8;78.4;317.4;1904.5;104.4;102.8;3865.6;2.12678E+12;3.00764E+11;1.83567E+11;1.64717E+11;2.10225E+11;3.04779E+11;1.93408E+12;1.37946E+11;1.25807E+11;2.49324E+11;2.28789E+11;6.31936E+11;1.94043E+12;2.74411E+11;1.67483E+11;1.50284E+11;1.91805E+11;2.78074E+11;1.76462E+12;1.25859E+11;1.14784E+11;2.27478E+11;2.08742E+11;5.76565E+11;109.6035413
2012m11;111.17;25080.6;31.06;484.7;553.1;100.3;98.8;;;;;;159.5;136.1;208.9;88.4;315.2;1900.3;103.8;102.1;3791.3;1.73539E+12;1.54491E+11;1.90498E+11;50294749655;2.08347E+11;3.03559E+11;1.77893E+12;1.06623E+11;1.13419E+11;2.1099E+11;2.08217E+11;5.91167E+11;1.5786E+12;1.40533E+11;1.73287E+11;45750635540;1.89523E+11;2.76132E+11;1.6182E+12;96990041651;1.03172E+11;1.91927E+11;1.89405E+11;5.37756E+11;109.9323519
2012m12;111.11;27405.4;30.37;667;765.7;100.5;98.9;;;;;;169.2;140.4;219.1;107.5;378.5;2295.4;103.1;105.2;4150.8;2.54128E+12;1.68874E+11;3.21209E+11;2.3305E+11;2.0287E+11;4.81839E+11;4.01292E+12;2.45668E+11;3.57991E+11;8.97287E+11;3.40531E+11;9.16951E+11;2.30017E+12;1.52852E+11;2.90734E+11;2.1094E+11;1.83622E+11;4.36124E+11;3.63219E+12;2.2236E+11;3.24027E+11;8.12157E+11;3.08223E+11;8.29955E+11;110.4820137
2013m1;114.56;26749;30.03;236.8;269.7;101;99.6;;;;;;138.1;135.9;155.8;101.7;279;1710.7;105.6;88.3;3227.5;1.59168E+12;1.10864E+11;1.26176E+11;1.72312E+11;2.06394E+11;2.07529E+11;1.30329E+12;89564785127;2.25957E+11;1.07431E+11;1.99529E+11;3.86394E+11;1.42641E+12;99352457777;1.13075E+11;1.5442E+11;1.84963E+11;1.8598E+11;1.16796E+12;80264653172;2.02495E+11;96275444509;1.78811E+11;3.46272E+11;111.5868338
2013m2;111;27173.6;30.62;243.9;284.1;100.6;100.8;;;;;;137.3;125.7;166.9;90.3;274;1690.3;103.1;101.5;3414.9;1.61491E+12;82886433491;1.87343E+11;77835373503;2.22654E+11;3.56418E+11;1.80761E+12;85879557738;2.86918E+11;1.78317E+11;1.77761E+11;6.23171E+11;1.43859E+12;73836740597;1.66888E+11;69337164606;1.98344E+11;3.17504E+11;1.61025E+12;76503070046;2.55592E+11;1.58848E+11;1.58353E+11;5.55132E+11;112.2563548
2013m3;109.89;27465.9;31.08;341;385.8;100.3;100.5;;;;;;151.5;137.9;187.4;94;297;1840.3;100.8;102.5;3767;2.19497E+12;3.54704E+11;1.93311E+11;2.45118E+11;2.03199E+11;3.70071E+11;1.99979E+12;1.0315E+11;1.74558E+11;2.27364E+11;2.65615E+11;7.59625E+11;1.94947E+12;3.15031E+11;1.7169E+11;2.17702E+11;1.80472E+11;3.2868E+11;1.77612E+12;91613300343;1.55034E+11;2.01934E+11;2.35907E+11;6.74664E+11;112.5931239
2013m4;101.74;27841.2;31.26;352.5;399.7;100.5;98.8;;;;;;145.9;134.5;184.6;77.5;297;1850.3;102.6;101.5;3753.2;2.30616E+12;2.41846E+11;2.19104E+11;1.41546E+11;2.11602E+11;3.94804E+11;2.20094E+12;1.4429E+11;1.74711E+11;2.22204E+11;2.97901E+11;8.05394E+11;2.03804E+12;2.13727E+11;1.9363E+11;1.25089E+11;1.87001E+11;3.48902E+11;1.94505E+12;1.27514E+11;1.54398E+11;1.9637E+11;2.63265E+11;7.11755E+11;113.1560895
2013m5;100.15;28083.5;31.59;391.3;449;100.7;99;;;;;;144.9;139.2;184.2;63.9;303.8;1902.3;100.9;98.5;3572.9;1.73383E+12;1.2018E+11;1.88126E+11;94119245912;1.96076E+11;3.65137E+11;1.55979E+12;97585892107;1.0691E+11;1.66484E+11;1.98403E+11;5.53548E+11;1.52159E+12;1.05469E+11;1.65098E+11;82598286498;1.72075E+11;3.20441E+11;1.36886E+12;85640587069;93823222376;1.46105E+11;1.74117E+11;4.85789E+11;113.9481821
2013m6;101.5;28506.1;32.71;472.3;546.6;100.4;100.4;;;;;;148.3;136.8;195.8;58;309;1940.2;99.8;101.9;3673;1.92915E+12;84874078028;2.05251E+11;2.47935E+11;2.11855E+11;3.92492E+11;1.96397E+12;1.12027E+11;1.17054E+11;2.26214E+11;2.82499E+11;6.73663E+11;1.68626E+12;74188049982;1.79409E+11;2.16718E+11;1.85181E+11;3.43076E+11;1.7167E+12;97922364210;1.02316E+11;1.97733E+11;2.46932E+11;5.88846E+11;114.4039748
2013m7;107.7;28734.3;32.89;484.6;562.2;100.8;102;;;;;;149.7;140.6;196.2;58.1;316.7;1991.2;102.4;100.4;3687;2.20419E+12;2.2149E+11;2.42456E+11;1.36185E+11;1.90744E+11;3.8729E+11;2.00256E+12;1.54385E+11;1.19197E+11;3.02106E+11;2.10972E+11;6.60158E+11;1.91138E+12;1.92067E+11;2.10248E+11;1.18094E+11;1.65405E+11;3.35842E+11;1.73654E+12;1.33876E+11;1.03363E+11;2.61974E+11;1.82946E+11;5.72461E+11;115.3192066
2013m8;114.45;28779.2;33.25;472;555.6;100.1;102.8;;;;;;151.7;141.2;199.7;58.8;324.9;2041.1;103.9;100.2;3697.8;1.89726E+12;1.36914E+11;1.88879E+11;56073987711;2.23281E+11;3.5438E+11;1.78556E+12;1.0449E+11;1.16087E+11;2.39306E+11;1.55627E+11;6.54727E+11;1.64358E+12;1.18607E+11;1.63624E+11;48576443924;1.93427E+11;3.06996E+11;1.54682E+12;90518958323;1.00565E+11;2.07309E+11;1.34818E+11;5.67185E+11;115.4345258
2013m9;108.2;28629.3;32.35;503.2;601.4;100.2;101.4;;;;;;151.5;138.2;199.5;63.6;320.4;2019.7;103.1;99.5;3865.2;1.94536E+12;1.01875E+11;1.84354E+11;2.35476E+11;2.33903E+11;3.52996E+11;1.88073E+12;1.1031E+11;79351023937;2.42309E+11;2.19756E+11;6.98974E+11;1.68188E+12;88077505843;1.59386E+11;2.03584E+11;2.02224E+11;3.05187E+11;1.62601E+12;95370291054;68603945039;2.09492E+11;1.89993E+11;6.04307E+11;115.6653949
2013m10;108.9;28545.8;32.06;493.1;591.9;100.6;98.8;;;;;;159.1;142.7;206.1;79.3;327.7;2083.1;102.6;102.3;3960.2;2.28337E+12;3.05472E+11;2.02094E+11;1.47554E+11;2.24788E+11;3.45152E+11;2.05978E+12;1.46138E+11;1.15301E+11;3.00513E+11;2.56083E+11;6.64149E+11;1.96234E+12;2.62525E+11;1.73681E+11;1.26809E+11;1.93184E+11;2.96626E+11;1.77018E+12;1.25592E+11;99090033714;2.58263E+11;2.2008E+11;5.70774E+11;116.3593873
2013m11;110.11;29167.3;33.19;492.6;586.1;100.6;98.5;;;;;;164;138.2;218.9;83.2;328.1;2099.5;100.9;100.5;4043.9;1.86929E+12;1.38821E+11;2.03336E+11;96874234818;2.28005E+11;3.51318E+11;1.97585E+12;1.1028E+11;1.45536E+11;2.5718E+11;2.13809E+11;6.83314E+11;1.5969E+12;1.18592E+11;1.73706E+11;82757788909;1.9478E+11;3.00124E+11;1.68793E+12;94210224335;1.24328E+11;2.19704E+11;1.82653E+11;5.83742E+11;117.0575436
2013m12;110.9;31404.7;32.73;658.1;787.4;100.5;101;;;;;;169.9;142.9;222.8;96.6;391.7;2517.2;100.1;104.5;4427.1;2.51223E+12;1.71959E+11;3.58621E+11;2.1747E+11;2.23277E+11;5.58599E+11;4.39127E+12;2.67846E+11;4.43922E+11;8.12249E+11;4.10805E+11;1.23424E+12;2.13547E+12;1.4617E+11;3.04839E+11;1.84856E+11;1.89792E+11;4.74826E+11;3.73271E+12;2.27677E+11;3.77347E+11;6.90437E+11;3.49197E+11;1.04914E+12;117.6428313
2014m1;105.79;30136.1;35.24;222.4;263.3;100.6;100.4;100;100;100;100;100;138;136.9;156;97.7;286.7;1867.1;101.8;89.8;3253.7;1.72626E+12;1.00597E+11;1.33553E+11;1.92021E+11;2.39662E+11;2.27717E+11;9.81067E+11;89770005673;68121377605;95428956384;1.89557E+11;1.84915E+11;1.45862E+12;85000297070;1.12847E+11;1.6225E+11;2.02505E+11;1.92412E+11;8.28963E+11;75852134040;57559892376;80633725448;1.60168E+11;1.56246E+11;118.3486883
2014m2;108.65;30459;36.05;234.5;286.4;100.7;99.6;101.6;92.7;108.9;91.1;100.6;140.2;126.4;172.7;90.1;285.3;1871.3;100.6;102;3518.8;1.85357E+12;1.1097E+11;2.0302E+11;1.25315E+11;2.48226E+11;3.95215E+11;2.39245E+12;1.35731E+11;6.28522E+11;2.14542E+11;2.09685E+11;6.70042E+11;1.55531E+12;93113586709;1.70352E+11;1.05151E+11;2.08283E+11;3.3162E+11;2.00747E+12;1.1389E+11;5.27385E+11;1.8002E+11;1.75944E+11;5.62224E+11;119.1771291
2014m3;107.7;29800.1;35.69;329.6;384.5;101;102.3;110.9;101.2;121.8;86.4;102.3;153.8;138.5;194.3;87.7;309.8;2054.5;101.3;103.1;3888.7;2.38059E+12;3.68041E+11;2.11638E+11;2.48302E+11;2.33975E+11;4.12595E+11;2.05853E+12;1.08137E+11;2.77301E+11;2.36623E+11;2.30267E+11;6.87187E+11;1.97774E+12;3.05761E+11;1.75825E+11;2.06284E+11;1.94382E+11;3.42775E+11;1.71018E+12;89837581369;2.30376E+11;1.96582E+11;1.91301E+11;5.70901E+11;120.3689004
2014m4;108.14;30160;35.7;343.5;402.5;100.9;100.7;109.3;99.2;122.9;73.2;102.7;149.6;135.8;191.9;76.1;305.5;2042.9;100.3;100.5;3910.4;2.53791E+12;3.19334E+11;2.30105E+11;2.05982E+11;2.61344E+11;4.17767E+11;2.34661E+12;1.49954E+11;1.97969E+11;2.63809E+11;3.52198E+11;8.13822E+11;2.08964E+12;2.6293E+11;1.89461E+11;1.69599E+11;2.15182E+11;3.43977E+11;1.93213E+12;1.23468E+11;1.63001E+11;2.17212E+11;2.89989E+11;6.70076E+11;121.4522205
2014m5;109.49;30245.6;34.74;368.2;441.8;100.9;100.4;107.3;102.4;120.1;59.4;100.5;149;140.2;192.3;63.5;310.7;2095;100.8;97.1;3744.5;2.074E+12;1.46647E+11;2.00605E+11;1.31401E+11;2.46425E+11;4.00587E+11;1.74109E+12;90731326371;1.25123E+11;2.1327E+11;2.33882E+11;6.19328E+11;1.69243E+12;1.19668E+11;1.63698E+11;1.07226E+11;2.01089E+11;3.26889E+11;1.42078E+12;74039015301;1.02104E+11;1.74034E+11;1.90854E+11;5.05387E+11;122.5452905
2014m6;112.4;30426.2;33.63;472.1;568.7;100.6;100.8;109.1;100.3;125.8;52.9;104.4;148.9;137.7;196.4;57.5;312.6;2118.8;101.1;101.8;3801.5;2.09884E+12;1.12095E+11;2.22025E+11;2.62097E+11;2.54763E+11;4.28727E+11;2.06383E+12;1.26144E+11;1.17769E+11;2.75893E+11;2.95E+11;7.01889E+11;1.70249E+12;90926414933;1.80098E+11;2.12602E+11;2.06653E+11;3.47766E+11;1.67409E+12;1.02322E+11;95529220057;2.23792E+11;2.39292E+11;5.69343E+11;123.2805622
2014m7;105.52;30524.8;35.73;470.6;568.7;100.5;101.6;110.3;102.9;126.5;53.9;102.7;152.2;140.7;200.9;58.5;322.3;2192.2;100.8;100.5;3923.7;2.43705E+12;3.09483E+11;2.6718E+11;1.399E+11;2.44197E+11;4.21753E+11;2.13686E+12;1.62863E+11;1.36735E+11;2.92665E+11;2.22917E+11;7.19218E+11;1.96699E+12;2.4979E+11;2.15647E+11;1.12917E+11;1.97097E+11;3.40406E+11;1.72471E+12;1.3145E+11;1.10362E+11;2.36216E+11;1.79921E+11;5.80497E+11;123.896965
2014m8;103.11;30688.9;36.93;467.4;572.7;100.2;100;110;103.3;125.4;55.2;100.8;151.9;142.3;198.5;59.4;331.9;2263.8;101.1;100.6;3860.9;2.03515E+12;1.65399E+11;1.95966E+11;92287452925;2.39596E+11;3.75663E+11;1.91118E+12;98505054494;1.2697E+11;2.46339E+11;1.58074E+11;7.13753E+11;1.63933E+12;1.33231E+11;1.57853E+11;74338581582;1.92998E+11;3.02601E+11;1.53947E+12;79346929595;1.02276E+11;1.98429E+11;1.27331E+11;5.74936E+11;124.144759
2014m9;94.8;30644.8;39.39;494.5;615.2;100.7;99.2;113.9;102.4;132;59.5;104;156;141.4;206.6;63.1;326.6;2241.3;102.4;100.6;4079.4;2.07806E+12;1.71377E+11;2.0064E+11;2.70792E+11;2.37704E+11;3.69832E+11;2.04748E+12;1.10904E+11;1.44056E+11;2.77715E+11;2.30272E+11;7.13859E+11;1.66227E+12;1.37086E+11;1.60494E+11;2.1661E+11;1.90142E+11;2.95833E+11;1.63781E+12;88713596439;1.15232E+11;2.22148E+11;1.84197E+11;5.71024E+11;125.0137723
2014m10;85.96;30268.4;43.39;486.1;603.2;100.8;100.3;121.2;106.3;138.7;80.1;103.8;163.9;145.3;213.4;81.4;333.8;2310.9;101.7;101;4241.8;2.3421E+12;2.32622E+11;2.23584E+11;1.53362E+11;2.31276E+11;3.75331E+11;2.29469E+12;1.65518E+11;1.20043E+11;3.31733E+11;2.80891E+11;7.94242E+11;1.85861E+12;1.84601E+11;1.77428E+11;1.21702E+11;1.83532E+11;2.97849E+11;1.82098E+12;1.31349E+11;95262049818;2.63251E+11;2.22905E+11;6.30282E+11;126.0138825
2014m11;68.34;30625.6;49.32;480.2;600.5;101.3;99.5;120.3;102.6;137.4;88.8;103.8;163.6;141.6;212.3;88.9;334.1;2343.6;101.4;100;4248.7;1.87584E+12;1.07234E+11;2.06901E+11;98581802089;2.35744E+11;3.4884E+11;1.9174E+12;1.04403E+11;1.54443E+11;2.36644E+11;2.20428E+11;6.42803E+11;1.46949E+12;84004746053;1.62082E+11;77226955700;1.84677E+11;2.73274E+11;1.50205E+12;81787522863;1.20987E+11;1.85382E+11;1.72679E+11;5.03558E+11;127.6520629
2014m12;57.54;32110.5;56.26;655;817.7;102.6;100.8;135.3;107.8;159;98.8;117.6;176.8;147;231.9;99.9;411.6;2954.8;102.4;106.5;5013;2.93169E+12;2.30864E+11;4.05508E+11;2.6823E+11;2.31936E+11;5.81053E+11;5.32476E+12;2.96734E+11;3.83613E+11;1.85845E+12;4.14121E+11;1.14745E+12;2.23843E+12;1.76271E+11;3.09617E+11;2.04801E+11;1.7709E+11;4.4365E+11;4.0656E+12;2.26565E+11;2.92899E+11;1.41898E+12;3.16193E+11;8.7611E+11;130.9710166
2015m1;52.95;31448.6;68.93;201.1;271.4;103.9;101.3;100;102;99.4;98.3;98.3;139.4;138.9;155.8;98.8;274.6;2050.5;100.6;88.1;3549.3;1.66153E+12;81912750063;1.31986E+11;2.15876E+11;1.64235E+11;2.44286E+11;1.83326E+12;1.02144E+11;6.73403E+11;1.60051E+11;1.92001E+11;3.8296E+11;1.221E+12;60195047405;96992180421;1.5864E+11;1.20691E+11;1.79518E+11;1.3472E+12;75062345063;4.94862E+11;1.17617E+11;1.41095E+11;2.81425E+11;136.0788862
2015m2;62.48;31716.4;61.27;224.2;311.9;102.2;102.1;99.8;93.2;106.1;87.7;98;138.2;126.6;167.7;88.5;264.4;2024.4;98.9;100.3;3722.9;1.74148E+12;34448491600;2.14831E+11;1.35462E+11;3.04142E+11;4.15376E+11;2.40388E+12;1.09825E+11;5.86973E+11;1.88863E+11;2.1354E+11;7.75539E+11;1.25221E+12;24770146113;1.54474E+11;97403781101;2.18693E+11;2.98676E+11;1.72851E+12;78969872754;4.22062E+11;1.35802E+11;1.53546E+11;5.5765E+11;139.0726217
2015m3;55.1;31636.7;58.46;298.2;398.1;101.2;105.5;112.3;103.4;123;87.2;100.7;153;139.2;190.5;88.5;282.4;2196.6;99.5;103.7;4243.1;2.64155E+12;5.16774E+11;2.23406E+11;3.28647E+11;3.1819E+11;4.453E+11;2.25469E+12;1.20963E+11;1.92437E+11;2.4468E+11;2.32152E+11;8.55462E+11;1.87688E+12;3.67179E+11;1.58735E+11;2.33511E+11;2.26081E+11;3.16396E+11;1.60201E+12;85946784303;1.36731E+11;1.73851E+11;1.6495E+11;6.07825E+11;140.7414932
2015m4;66.8;32103.4;51.7;300;401.6;100.5;102.7;107.3;99.5;118.7;75.3;102.1;143.1;134.6;178.1;77.4;275.6;2158.9;97.5;98.6;4049.4;2.66035E+12;5.25162E+11;2.35786E+11;2.5051E+11;2.98933E+11;4.55612E+11;3.04001E+12;1.77049E+11;1.98318E+11;2.58541E+11;3.49314E+11;1.41393E+12;1.88083E+12;3.71283E+11;1.66698E+11;1.77108E+11;2.11342E+11;3.22112E+11;2.14925E+12;1.25172E+11;1.40209E+11;1.82785E+11;2.46961E+11;9.99632E+11;141.4452006
2015m5;65.19;32310.2;52.97;310.5;424.9;100.4;98.8;104.8;102.1;115.8;59.8;100.1;141.1;138.9;176.3;62.7;281.7;2213.7;97;96.7;3859.4;1.80984E+12;1.82202E+11;2.06529E+11;89143243813;2.78977E+11;4.33543E+11;1.82864E+12;1.08376E+11;1.28629E+11;1.80601E+11;2.40431E+11;6.87625E+11;1.27443E+12;1.28302E+11;1.45432E+11;62772077843;1.96447E+11;3.05288E+11;1.28768E+12;76315483701;90576759079;1.27174E+11;1.69305E+11;4.84206E+11;142.0109814
2015m6;63.14;32492.8;55.52;407.1;559.3;100.2;100.7;108.1;100.1;124.2;53.5;104.2;141.9;136.4;183.4;56.9;282.8;2223.3;98.5;103.4;4121.7;2.23389E+12;1.614E+11;2.32892E+11;2.84063E+11;2.96228E+11;4.91121E+11;2.27099E+12;1.42665E+11;1.32932E+11;2.61602E+11;3.27686E+11;8.05965E+11;1.5699E+12;1.13427E+11;1.63668E+11;1.9963E+11;2.08179E+11;3.45143E+11;1.59598E+12;1.0026E+11;93419845496;1.83845E+11;2.30286E+11;5.66404E+11;142.2950034
2015m7;51.85;32665.5;58.99;383.9;526.2;100.8;101.5;108.7;103.5;123.2;54.8;102.7;145.2;140.9;186.7;57.9;291.9;2301.1;97.9;99.9;4152.6;2.49463E+12;2.14935E+11;2.93728E+11;2.3399E+11;2.90738E+11;4.73732E+11;2.42388E+12;1.76894E+11;1.30778E+11;4.48751E+11;2.23618E+11;7.99772E+11;1.73923E+12;1.4985E+11;2.04784E+11;1.63135E+11;2.02699E+11;3.3028E+11;1.6899E+12;1.23328E+11;91176584076;3.12864E+11;1.55904E+11;5.57591E+11;143.4333634
2015m8;53.12;33030.7;66.48;386.2;539.2;100.4;100.1;110.2;104.4;125.3;56;100.9;145.5;143.3;185;58.8;300.9;2376.7;97.1;99.8;4162.3;2.07353E+12;1.44686E+11;2.06174E+11;84323210517;2.82111E+11;4.23184E+11;2.11317E+12;1.20793E+11;1.56865E+11;3.29489E+11;1.41548E+11;7.9513E+11;1.43988E+12;1.00472E+11;1.43169E+11;58554899267;1.95901E+11;2.93863E+11;1.46741E+12;83880131715;1.08929E+11;2.288E+11;98292535219;5.52146E+11;144.0070969
2015m9;48.44;32950.8;66.24;432.1;610.7;100.6;98.9;113.6;103.5;131.3;59;104;150.4;142.6;195.3;61.4;291.9;2322.6;97.5;100.8;4363.3;2.17938E+12;2.32731E+11;2.07843E+11;2.78265E+11;2.47189E+11;4.29325E+11;2.07949E+12;1.2444E+11;1.09144E+11;2.22019E+11;2.51257E+11;7.91437E+11;1.50436E+12;1.60647E+11;1.43468E+11;1.92078E+11;1.70627E+11;2.9635E+11;1.4354E+12;85896711657;75338670113;1.53253E+11;1.73435E+11;5.46304E+11;144.8711395
2015m10;49.5;32859.6;64.37;426.1;601.1;100.7;101.8;119.3;107.5;135.4;78.1;103.5;158.3;147.3;200.8;78.4;296.5;2385.2;97.6;100.8;4399;2.41487E+12;2.38066E+11;2.25018E+11;2.38628E+11;2.5608E+11;4.34231E+11;2.25281E+12;1.63068E+11;1.17501E+11;2.48147E+11;2.81273E+11;8.03149E+11;1.65532E+12;1.63187E+11;1.54243E+11;1.63572E+11;1.75535E+11;2.97652E+11;1.54424E+12;1.11779E+11;80543583453;1.70097E+11;1.92804E+11;5.50535E+11;145.8852374
2015m11;44.5;33315.4;66.24;438.4;619;100.8;99.3;121.5;103.1;140.1;86.9;103.3;157.9;141.7;201.2;86;293.6;2387.3;97.5;99.8;4350.8;1.76818E+12;83958400140;2.24771E+11;11768162491;2.58215E+11;4.29121E+11;2.16409E+12;1.17623E+11;1.81376E+11;2.50645E+11;2.12815E+11;7.93715E+11;1.20242E+12;57094237287;1.52851E+11;8002704441;1.75594E+11;2.91815E+11;1.47164E+12;79987497904;1.23341E+11;1.70446E+11;1.4472E+11;5.3975E+11;147.0523193
2015m12;37.6;35809.2;72.88;630.5;885;100.8;97.8;132.6;107.5;156.2;93.8;109.3;169;147.4;218.1;93.5;353.8;2898.1;96.3;105.2;4949.6;2.81485E+12;1.82705E+11;4.04832E+11;2.97866E+11;2.31794E+11;6.72437E+11;4.64286E+12;3.74966E+11;5.74337E+11;9.81025E+11;3.68929E+11;1.15069E+12;1.89899E+12;1.23259E+11;2.73113E+11;2.0095E+11;1.56376E+11;4.53648E+11;3.13223E+12;2.52964E+11;3.87466E+11;6.61832E+11;2.48892E+11;7.76296E+11;148.2287379
2016m1;35.91;34839.7;75.17;186.6;261;101;98.5;99;102.2;97.7;100.7;88.8;135.7;139.7;147;101.1;257.9;2129.5;96.9;87.5;4067.2;1.65312E+12;70375937965;1.3906E+11;3.00734E+11;2.00079E+11;2.95173E+11;1.09548E+12;59798726893;12581488058;47773800926;1.63694E+11;4.82478E+11;1.10421E+12;47007852519;92885880084;2.00876E+11;1.33643E+11;1.97162E+11;7.31733E+11;39942767598;8403848704;31910676478;1.0934E+11;3.22273E+11;149.7110253
2016m2;36.64;35105.4;75.09;213.3;307.4;100.6;98.8;103.4;99;109.9;87.1;95.9;139.8;134;166;88.5;254.8;2119;100.4;104.1;4616.9;1.61155E+12;88618670920;2.37975E+11;93573782556;1.7673E+11;4.59816E+11;2.25313E+12;1.34605E+11;3.23088E+11;1.35719E+11;2.54339E+11;8.26862E+11;1.07002E+12;58840108789;1.58008E+11;62130152576;1.17343E+11;3.05304E+11;1.49601E+12;89373875923;2.14521E+11;90113311449;1.68873E+11;5.49012E+11;150.6092914
2016m3;40.14;35440.1;67.61;289.7;399.4;100.5;103.1;112.5;108.1;121.3;86.2;99.8;152.5;145.1;185.1;87.8;268.6;2247.8;99;102.5;5169.3;2.61146E+12;4.81927E+11;2.39252E+11;3.37425E+11;2.01481E+11;4.97458E+11;2.99048E+12;1.31204E+11;5.50475E+11;2.78077E+11;2.37733E+11;1.1838E+12;1.7253E+12;3.18393E+11;1.58066E+11;2.22925E+11;1.33111E+11;3.28654E+11;1.97571E+12;86682318376;3.6368E+11;1.83716E+11;1.57062E+11;7.82097E+11;151.3623379
2016m4;47.32;35908.7;64.33;281.6;392;100.4;101.9;108.3;102.1;120.1;71.7;99.9;144;137;179.1;74.3;264;2222.6;99.7;99.2;4955.5;2.4539E+12;4.38124E+11;2.46635E+11;2.54747E+11;2.23484E+11;4.8799E+11;2.69037E+12;1.75474E+11;2.73944E+11;3.34753E+11;3.38495E+11;9.24074E+11;1.61475E+12;2.88301E+11;1.62294E+11;1.67632E+11;1.4706E+11;3.21114E+11;1.77036E+12;1.15468E+11;1.80264E+11;2.20279E+11;2.22741E+11;6.08073E+11;151.9677872
2016m5;49.52;36251.6;66.08;284.9;404.1;100.4;100.9;106.3;104.3;117.3;60.1;101.9;142.2;140.4;176.8;64;266.9;2258.1;100.7;97.8;4741.3;1.88295E+12;2.11748E+11;2.35631E+11;41463551888;2.22989E+11;4.80277E+11;2.07713E+12;1.35334E+11;1.36397E+11;2.14359E+11;2.59403E+11;7.82989E+11;1.23411E+12;1.38783E+11;1.54436E+11;27175731914;1.4615E+11;3.1478E+11;1.36138E+12;88699871209;89396563981;1.40494E+11;1.70016E+11;5.13181E+11;152.5756584
2016m6;49.74;36487.2;64.26;366.7;524.6;100.4;102.6;110.3;102.3;126.8;54.7;102.7;144.5;137.9;186.5;58;268.8;2283.3;98.6;101.5;5071;2.30854E+12;1.9237E+11;2.51997E+11;3.13244E+11;2.70923E+11;5.20582E+11;2.47633E+12;1.58688E+11;1.75026E+11;3.43E+11;3.32689E+11;8.54896E+11;1.50702E+12;1.25579E+11;1.64504E+11;2.04486E+11;1.76859E+11;3.39837E+11;1.61655E+12;1.03592E+11;1.14257E+11;2.23911E+11;2.1718E+11;5.58077E+11;153.185961
2016m7;43.27;36654.2;67.05;374.4;542.7;100.5;100.6;110.2;106.1;124.3;55.5;102.8;144.8;142;183.9;58.3;279.5;2381.2;98.9;100.5;5014.9;2.41137E+12;2.61137E+11;2.87895E+11;2.33224E+11;2.73964E+11;4.94244E+11;2.20122E+12;1.63625E+11;1.75121E+11;2.67282E+11;2.10728E+11;7.82959E+11;1.56631E+12;1.69622E+11;1.87003E+11;1.51491E+11;1.77954E+11;3.21038E+11;1.42981E+12;1.06283E+11;1.1375E+11;1.73614E+11;1.36879E+11;5.08574E+11;153.9518908
2016m8;46.97;36821.4;64.91;379.6;559.8;100;98.7;111.9;107;126.5;57;102.3;146.5;143.2;186.7;59.3;288.5;2458.4;101.9;102.9;5236;2.26492E+12;1.91151E+11;2.36194E+11;1.27722E+11;2.57726E+11;4.65321E+11;2.31771E+12;1.38015E+11;1.46847E+11;3.31522E+11;1.64414E+11;8.72193E+11;1.47119E+12;1.24163E+11;1.53421E+11;82962178927;1.67407E+11;3.02251E+11;1.50548E+12;89648106521;95385075522;2.15341E+11;1.06796E+11;5.66536E+11;153.9518908
2016m9;49.99;36917.8;63.16;403.6;601.6;100.2;100.6;113.8;106.3;129.7;60.2;104;149.2;142.9;191.2;62.1;283;2418.5;99.4;98.4;5365.5;2.17672E+12;2.00772E+11;2.28475E+11;3.00787E+11;2.66639E+11;4.68153E+11;2.39172E+12;1.46895E+11;1.59672E+11;4.10892E+11;2.02365E+11;8.54612E+11;1.41108E+12;1.30152E+11;1.4811E+11;1.94988E+11;1.72851E+11;3.03484E+11;1.55045E+12;95225715360;1.03508E+11;2.66364E+11;1.31185E+11;5.54008E+11;154.2597946
2016m10;48.51;36051;62.9;422.9;635.6;100.4;100.1;121.3;109.8;137.3;79.2;106.3;157.8;146.7;199.2;79.2;283.8;2443.8;99.2;100.5;5362.9;2.49648E+12;2.6325E+11;2.40361E+11;3.2055E+11;2.66266E+11;4.91372E+11;2.38176E+12;1.3975E+11;1.99888E+11;2.77077E+11;2.97321E+11;8.38315E+11;1.61191E+12;1.69974E+11;1.55195E+11;2.06971E+11;1.71921E+11;3.17266E+11;1.53784E+12;90233097210;1.29063E+11;1.78902E+11;1.91973E+11;5.41278E+11;154.8768338
2016m11;51.52;36433;64.94;444.5;665.9;100.4;100.5;125.6;106.2;144.9;91.7;104.6;162.1;142.2;206.4;89.4;281.3;2435.5;101.8;102.3;5570.5;2.22474E+12;1.76766E+11;2.48618E+11;42838063969;3.00289E+11;5.66167E+11;2.5688E+12;1.50161E+11;1.96683E+11;3.45728E+11;2.41955E+11;9.05213E+11;1.43074E+12;1.13678E+11;1.59887E+11;27549242421;1.93116E+11;3.64103E+11;1.652E+12;96568683013;1.26487E+11;2.22338E+11;1.55601E+11;5.82144E+11;155.4963411
2016m12;56.75;38418;60.66;595.6;890.3;100.4;100.9;132.9;109.6;154;101.6;109;174.1;148.4;222.7;98.4;335.6;2919.6;99.9;104.2;6180.3;3.65096E+12;1.94081E+11;4.26412E+11;2.91351E+11;2.68839E+11;8.10049E+11;5.44461E+12;3.16354E+11;1.42784E+12;9.03639E+11;3.99982E+11;1.17086E+12;2.33858E+12;1.24317E+11;2.73134E+11;1.86622E+11;1.72202E+11;5.18869E+11;3.48749E+12;2.02637E+11;9.14589E+11;5.78816E+11;2.56204E+11;7.49981E+11;156.1183265
2017m1;55.49;38016.8;60.16;181.7;272.3;100.6;103.3;101.3;105.5;99.8;101.5;90.2;;;;;252.3;2211.3;102.7;89.9;4629.2;1.97885E+12;1.21901E+11;1.56141E+11;3.30281E+11;3.30439E+11;3.10254E+11;1.68292E+12;82907023774;28859099711;54277693761;1.93069E+11;9.41159E+11;1.25997E+12;77616961776;99417726661;2.10297E+11;2.10397E+11;1.97545E+11;1.07155E+12;52788516468;18375150753;34559664556;1.22931E+11;5.99254E+11;157.0550364
2017m2;56.45;38475.2;57.94;203.1;315.7;100.2;100.8;100.7;98.9;104.5;89.5;77.4;;;;;248;2178.9;97.8;99.2;4917.8;1.97223E+12;1.08065E+11;2.4483E+11;1.3974E+11;3.74088E+11;4.9953E+11;2.24529E+12;1.23565E+11;3.3806E+11;1.41149E+11;2.25366E+11;8.731E+11;1.25325E+12;68669730958;1.55577E+11;88797678832;2.37714E+11;3.17426E+11;1.42677E+12;78519471884;2.1482E+11;89692696496;1.43208E+11;5.5481E+11;157.3691465
2017m3;53.62;38555.2;56.38;275.2;407.1;100.1;99.7;113.5;108.2;122.7;86.6;82.1;;;;;267.6;2356.7;100.1;104.9;5694;3.08548E+12;6.21279E+11;2.57413E+11;3.84828E+11;3.25433E+11;5.53632E+11;2.96422E+12;1.32006E+11;3.6237E+11;3.80452E+11;2.70761E+11;1.20266E+12;1.9587E+12;3.94397E+11;1.6341E+11;2.44294E+11;2.0659E+11;3.51454E+11;1.88173E+12;83799282166;2.30037E+11;2.41516E+11;1.71883E+11;7.63466E+11;157.5265157
2017m4;51.85;38664.5;56.98;280.4;421.2;100.3;98.5;110.9;106.2;121.1;75.6;83.6;;;;;264.2;2332.1;99.4;98.4;5254.1;2.46942E+12;2.26962E+11;2.61085E+11;2.93002E+11;3.24202E+11;5.42046E+11;2.62605E+12;1.9213E+11;2.31357E+11;2.91484E+11;3.7248E+11;9.30597E+11;1.56293E+12;1.43647E+11;1.65244E+11;1.85446E+11;2.05192E+11;3.43069E+11;1.66207E+12;1.21602E+11;1.46429E+11;1.84485E+11;2.35748E+11;5.88989E+11;157.9990952
2017m5;50.98;39223.6;56.52;295;453;100.4;99.5;112.2;109.9;124.3;62.9;84.4;;;;;268.9;2380;101.2;99.5;5216;2.50271E+12;4.47104E+11;2.62153E+11;73911942330;3.17664E+11;5.49088E+11;2.32636E+12;1.17871E+11;2.10838E+11;2.5147E+11;2.60286E+11;9.0146E+11;1.57769E+12;2.81852E+11;1.6526E+11;46593603808;2.00254E+11;3.46142E+11;1.46652E+12;74304792792;1.32911E+11;1.58525E+11;1.64083E+11;5.68274E+11;158.6310916
